stage,stage_step,global_step,display_step,optimizer_step_in_stage,loss,reward_mean,pass_rate,advantage_std
easy,1,1,0.3333333333333333,1,0.0637674555182457,0.6037499904632568,0.5,0.4999999403953552
easy,2,2,0.6666666666666666,2,-0.0,1.0,1.0,0.0
easy,3,3,1.0,3,-0.0136290714144706,0.6471874713897705,0.5,1.0
easy,4,4,1.3333333333333333,4,0.0147164929658174,0.4606249928474426,0.25,0.9999999403953552
easy,5,5,1.6666666666666665,5,-0.079816497862339,0.6787500381469727,0.5,1.0
easy,6,6,2.0,6,-0.0295883417129516,0.6434375047683716,0.5,1.0
easy,7,7,2.333333333333333,7,0.0026226826012134,0.9306249618530272,0.875,0.5
easy,8,8,2.6666666666666665,8,0.016921579837799,0.5043749809265137,0.375,0.9999997615814208
easy,9,9,2.9999999999999996,9,-0.0004845391958951,0.2050000131130218,0.0,0.9999998211860656
easy,10,10,3.333333333333333,10,0.0183830074965953,0.2081249952316284,0.0,1.0
easy,11,11,3.666666666666666,11,-0.0005312282592058,0.3965625166893005,0.25,1.0
easy,12,12,4.0,12,-0.0196257252246141,0.4449999928474426,0.25,0.9999999403953552
easy,13,13,4.333333333333333,13,-0.0447365157306194,0.4240625202655792,0.25,1.0
easy,14,14,4.666666666666666,14,0.0024310201406478,0.3928124904632568,0.125,1.0
easy,15,15,4.999999999999999,15,0.0077341143041849,0.6287500262260437,0.5,1.0
easy,16,16,5.333333333333333,16,-0.0949181765317916,0.7093750238418579,0.625,1.0
easy,17,17,5.666666666666667,17,-0.0109933875501155,0.6356250047683716,0.5,0.5
easy,18,18,5.999999999999999,18,-0.0473668314516544,0.5118750333786011,0.375,1.0
easy,19,19,6.333333333333333,19,-0.0348463095724582,0.831250011920929,0.75,0.5
easy,20,20,6.666666666666666,20,-0.0146257057785987,0.7293750047683716,0.625,0.5
easy,21,21,7.0,21,-0.0072929076850414,0.6778124570846558,0.5,1.0
easy,22,22,7.333333333333332,22,-0.0190337430685758,0.5268750190734863,0.375,1.0
easy,23,23,7.666666666666666,23,-0.0039983578026294,0.832812488079071,0.75,1.0
easy,24,24,8.0,24,0.0096055567264556,0.7028124928474426,0.625,0.5
easy,25,25,8.333333333333334,25,0.0089769214391708,0.6700000166893005,0.5,0.5
easy,26,26,8.666666666666666,26,0.0114448554813861,0.7193750143051147,0.625,1.0
easy,27,27,9.0,27,0.0082509946078062,0.6568750143051147,0.5,1.0
easy,28,28,9.333333333333332,28,0.0038483589887619,0.8034374713897705,0.75,1.0
easy,29,29,9.666666666666666,29,-0.0211360771209001,0.3106249868869781,0.125,1.0
easy,30,30,9.999999999999998,30,-0.0209798626601696,0.8028124570846558,0.75,1.0
easy,31,31,10.333333333333332,31,-0.0685324668884277,0.4096875190734863,0.25,1.0
easy,32,32,10.666666666666666,32,-0.0125013701617717,0.7224999666213989,0.625,0.5
easy,33,33,11.0,33,0.0492771677672863,0.5249999761581421,0.375,0.9999999403953552
easy,34,34,11.333333333333334,34,0.0227786637842655,0.2925000190734863,0.0,0.9999999403953552
easy,35,35,11.666666666666668,35,-0.0208153538405895,0.5900000333786011,0.5,1.0
easy,36,36,11.999999999999998,36,-0.0766510590910911,0.6209375262260437,0.5,0.9999999403953552
easy,37,37,12.333333333333332,37,0.0086809135973453,0.7581250071525574,0.625,0.5
easy,38,38,12.666666666666666,38,-0.0023173037916421,0.4184375405311584,0.25,1.0
easy,39,39,13.0,39,-0.0608882270753383,0.5831249952316284,0.375,0.9999999403953552
easy,40,40,13.333333333333332,40,0.030925165861845,0.3453125059604645,0.125,1.0
easy,41,41,13.666666666666666,41,-0.0,1.0,1.0,0.0
easy,42,42,14.0,42,0.0366563238203525,0.5918749570846558,0.5,1.0
easy,43,43,14.333333333333332,43,-0.0070407725870609,0.6599999666213989,0.5,1.0
easy,44,44,14.666666666666664,44,-0.0445523634552955,0.8009375333786011,0.75,0.4999999701976776
easy,45,45,14.999999999999998,45,-0.0091717317700386,0.6278125047683716,0.5,0.9999999403953552
easy,46,46,15.333333333333332,46,-0.018975306302309,0.5487500429153442,0.375,0.9999999403953552
easy,47,47,15.666666666666666,47,-0.0079863844439387,0.8168749809265137,0.75,0.4999999701976776
easy,48,48,16.0,48,0.0345911607146263,0.5134375095367432,0.375,0.9999999403953552
easy,49,49,16.333333333333332,49,-0.0379961803555488,0.5062499642372131,0.375,1.0
easy,50,50,16.666666666666668,50,-0.0719222426414489,0.7300000190734863,0.625,1.0
easy,51,51,16.999999999999996,51,-0.025865975767374,0.8456250429153442,0.75,0.9999999403953552
easy,52,52,17.333333333333332,52,-0.0022615697234869,0.9306249618530272,0.875,0.5
easy,53,53,17.666666666666664,53,0.0211876556277275,0.4971874952316284,0.25,1.0
easy,54,54,18.0,54,-0.0255912020802497,0.5306249856948853,0.375,1.0
easy,55,55,18.333333333333332,55,-0.0461674444377422,0.6206250190734863,0.375,0.9999999403953552
easy,56,56,18.666666666666664,56,-0.0,1.0,1.0,0.0
easy,57,57,19.0,57,-0.0665521472692489,0.7015625238418579,0.625,1.0
easy,58,58,19.333333333333332,58,0.0049872621893882,0.2037500143051147,0.0,0.4999998807907104
easy,59,59,19.666666666666664,59,-0.0111965127289295,0.6040624976158142,0.5,0.9999998807907104
easy,60,60,19.999999999999996,60,-0.0199293177574872,0.5196875333786011,0.375,0.9999999403953552
easy,61,61,20.333333333333332,61,-0.0220495946705341,0.5331250429153442,0.375,1.0
easy,62,62,20.666666666666664,62,0.0130098164081573,0.4112499952316284,0.25,1.0
easy,63,63,21.0,63,-0.0338291674852371,0.903124988079071,0.875,0.5
easy,64,64,21.333333333333332,64,-0.0013386011123657,0.7196875214576721,0.625,0.5
easy,65,65,21.666666666666668,65,-0.0293309763073921,0.8034374713897705,0.75,0.4999999403953552
easy,66,66,22.0,66,0.0010916963219642,0.6025000214576721,0.5,0.4999997615814209
easy,67,67,22.333333333333332,67,0.0110732913017272,0.7024999856948853,0.625,0.5
easy,68,68,22.666666666666668,68,-0.0003023147583007,0.4090625047683716,0.125,0.9999999403953552
easy,69,69,23.0,69,0.0020859101787209,0.800000011920929,0.75,0.5
easy,70,70,23.333333333333336,70,-0.0342185273766517,0.7065625190734863,0.5,1.0
easy,71,71,23.666666666666664,71,-0.0129213435575366,0.3700000047683716,0.25,1.0
easy,72,72,23.999999999999996,72,-0.0059718862175941,0.6003124713897705,0.5,0.5
easy,73,73,24.333333333333332,73,0.0014542564749717,0.8387500047683716,0.75,0.5
easy,74,74,24.666666666666664,74,0.0062064528465271,0.9149999618530272,0.875,0.5
easy,75,75,24.999999999999996,75,0.0290103703737258,0.3646875023841858,0.125,1.0
easy,76,76,25.333333333333332,76,-0.026781179010868,0.7365624904632568,0.625,1.0
easy,77,77,25.666666666666664,77,-0.0662737488746643,0.7034375071525574,0.625,0.4999999701976776
easy,78,78,26.0,78,-0.0374293960630893,0.5774999856948853,0.375,1.0
easy,79,79,26.333333333333332,79,-0.0,1.0,1.0,0.0
easy,80,80,26.666666666666664,80,-0.0,1.0,1.0,0.0
easy,81,81,27.0,81,-0.0176773704588413,0.8999999761581421,0.875,0.5
easy,82,82,27.333333333333332,82,0.0153439864516258,0.8084375262260437,0.75,0.5
easy,83,83,27.666666666666668,83,-0.1051717549562454,0.3318750262260437,0.125,1.0
easy,84,84,28.0,84,-0.027416655793786,0.1981250047683715,0.0,1.0
easy,85,85,28.333333333333332,85,0.020226189866662,0.5346875190734863,0.25,0.9999999403953552
easy,86,86,28.666666666666664,86,-0.0159393548965454,0.7065625190734863,0.5,0.4999999105930328
easy,87,87,28.999999999999996,87,8.524768054485321e-05,0.3356249928474426,0.125,1.0
easy,88,88,29.33333333333333,88,0.0013702921569347,0.590624988079071,0.375,1.0
easy,89,89,29.666666666666664,89,-0.0112881809473037,0.8999999761581421,0.875,0.5
easy,90,90,29.999999999999996,90,0.047308400273323,0.4228125214576721,0.25,0.9999999403953552
easy,91,91,30.333333333333332,91,-0.0175541434437036,0.5971875190734863,0.5,1.0
easy,92,92,30.666666666666664,92,0.0002082586288452,0.7290624976158142,0.625,0.5
easy,93,93,30.999999999999996,93,0.0009223893284797,0.7756249904632568,0.625,0.5
easy,94,94,31.333333333333332,94,-0.0209257882088422,0.7440625429153442,0.625,1.0
easy,95,95,31.666666666666664,95,-0.0205042567104101,0.8012499809265137,0.75,1.0
easy,96,96,32.0,96,-0.0011667516082525,0.590624988079071,0.5,1.0
easy,97,97,32.333333333333336,97,-0.0379699282348156,0.6568750143051147,0.5,0.5
easy,98,98,32.666666666666664,98,0.0023549944162368,0.800000011920929,0.75,0.5
easy,99,99,33.0,99,-0.0334313474595546,0.7221875190734863,0.625,0.9999999403953552
easy,100,100,33.333333333333336,100,-0.0893387123942375,0.8174999952316284,0.75,1.0
easy,101,101,33.666666666666664,101,-0.030879471451044,0.8162499666213989,0.75,1.0
easy,102,102,33.99999999999999,102,-0.0448700040578842,0.7112500071525574,0.625,1.0
easy,103,103,34.33333333333333,103,-0.0265486203134059,0.7359374761581421,0.625,0.5000000596046448
easy,104,104,34.666666666666664,104,0.0581120587885379,0.2528125047683716,0.0,1.0
easy,105,105,35.0,105,-0.0178716294467449,0.6259374618530273,0.375,1.0
easy,106,106,35.33333333333333,106,0.018757589161396,0.1956250071525573,0.0,0.9999999403953552
easy,107,107,35.666666666666664,107,-0.0091140568256378,0.6206250190734863,0.5,0.5
easy,108,108,36.0,108,-0.0263552106916904,0.9300000071525574,0.875,0.5
easy,109,109,36.33333333333333,109,0.0056702345609664,0.5306249856948853,0.375,1.0
easy,110,110,36.666666666666664,110,0.0119799673557281,0.7121875286102295,0.625,0.5
easy,111,111,37.0,111,-0.0335758328437805,0.6384375095367432,0.5,1.0
easy,112,112,37.33333333333333,112,-0.0182918943464756,0.9215624928474426,0.875,0.5
easy,113,113,37.666666666666664,113,0.049402642995119,0.4150000214576721,0.125,0.9999998807907104
easy,114,114,38.0,114,-0.0,1.0,1.0,0.0
easy,115,115,38.333333333333336,115,-0.0005684960633516,0.8050000071525574,0.75,1.0
easy,116,116,38.666666666666664,116,-0.0216151997447013,0.8009375333786011,0.75,1.0
easy,117,117,39.0,117,0.000694690272212,0.5134375095367432,0.375,0.9999998807907104
easy,118,118,39.33333333333333,118,-0.0402299761772155,0.7003124952316284,0.625,0.5
easy,119,119,39.666666666666664,119,-0.0113301649689674,0.8059375286102295,0.75,0.5
easy,120,120,39.99999999999999,120,0.0236478634178638,0.928125023841858,0.875,0.4999999403953552
easy,121,121,40.33333333333333,121,-0.0039954241365194,0.8040624856948853,0.75,1.0
easy,122,122,40.666666666666664,122,0.0059368163347244,0.8971874713897705,0.875,0.5
easy,123,123,41.0,123,0.0172794684767723,0.6025000214576721,0.5,0.4999999701976776
easy,124,124,41.33333333333333,124,-0.0,1.0,1.0,0.0
easy,125,125,41.666666666666664,125,-0.0014204569160938,0.7778124809265137,0.625,0.5
easy,126,126,42.0,126,0.0098201371729373,0.3365625143051147,0.125,0.9999999403953552
easy,127,127,42.33333333333333,127,-0.0097318664193153,0.6006249785423279,0.5,0.5
easy,128,128,42.666666666666664,128,0.0007667457684874,0.7000000476837158,0.625,1.0
easy,129,129,43.0,129,-0.0126475691795349,0.9165624976158142,0.875,0.5
easy,130,130,43.333333333333336,130,0.0053435713052749,0.6137499809265137,0.5,0.4999999701976776
easy,131,131,43.666666666666664,131,0.0066124312579631,0.5715624690055847,0.25,1.0
easy,132,132,44.0,132,-0.0449117273092269,0.6071875095367432,0.5,0.5000001788139343
easy,133,133,44.333333333333336,133,-0.0364442989230155,0.6368750333786011,0.5,0.4999999403953552
easy,134,134,44.666666666666664,134,-0.0011068731546401,0.2175000011920929,0.0,1.0
easy,135,135,45.0,135,-0.025835532695055,0.3378124833106994,0.125,1.0
easy,136,136,45.333333333333336,136,-0.0273312255740165,0.4012500047683716,0.25,1.0
easy,137,137,45.666666666666664,137,-0.005538947880268,0.6903125047683716,0.625,0.4999999701976776
easy,138,138,46.0,138,0.0076823309063911,0.8165625333786011,0.75,0.5
easy,139,139,46.333333333333336,139,0.0076465234160423,0.6684374809265137,0.5,0.5000001788139343
easy,140,140,46.66666666666667,140,-0.0150684341788291,0.8999999761581421,0.875,0.5
easy,141,141,46.99999999999999,141,0.0178792811930179,0.7259374856948853,0.625,0.5
easy,142,142,47.33333333333333,142,0.0092301368713378,0.7024999856948853,0.625,1.0
easy,143,143,47.66666666666666,143,0.0419313460588455,0.4181249737739563,0.125,1.0
easy,144,144,47.99999999999999,144,-0.0059336051344871,0.2603124976158142,0.0,0.9999999403953552
easy,145,145,48.33333333333333,145,-0.0152181535959243,0.7143750190734863,0.625,1.0
easy,146,146,48.666666666666664,146,-0.0193578116595745,0.7446874976158142,0.625,0.5
easy,147,147,48.99999999999999,147,-0.0108395963907241,0.5865625143051147,0.5,0.5
easy,148,148,49.33333333333333,148,-0.016811728477478,0.8899999856948853,0.875,0.5
easy,149,149,49.666666666666664,149,-0.0342385955154895,0.7412499785423279,0.625,1.0
easy,150,150,49.99999999999999,150,0.0079544410109519,0.3834374845027923,0.25,0.9999999403953552
easy,151,151,50.33333333333333,151,-0.0,0.6000000238418579,0.5,0.0
easy,152,152,50.666666666666664,152,0.0092958677560091,0.52281254529953,0.375,1.0
easy,153,153,50.99999999999999,153,-0.0304977670311927,0.5187499523162842,0.25,1.0
easy,154,154,51.33333333333333,154,-0.0240330789238214,0.5271874666213989,0.375,1.0
easy,155,155,51.666666666666664,155,-0.023906160145998,0.5396875143051147,0.375,0.9999999403953552
easy,156,156,52.0,156,-0.0,1.0,1.0,0.0
easy,157,157,52.33333333333333,157,0.0029236562550067,0.9162499904632568,0.875,0.5
easy,158,158,52.666666666666664,158,-0.0191618390381336,0.8337500095367432,0.75,0.5
easy,159,159,53.0,159,-0.0269317738711833,0.4084374904632568,0.25,0.9999999403953552
easy,160,160,53.33333333333333,160,-0.0409267023205757,0.6000000238418579,0.5,1.0
easy,161,161,53.666666666666664,161,-0.006097113713622,0.6012499928474426,0.5,0.9999998807907104
easy,162,162,54.0,162,0.0194777138531208,0.2006250023841858,0.0,0.5
easy,163,163,54.333333333333336,163,-0.0191355980932712,0.4000000059604645,0.25,0.5
easy,164,164,54.666666666666664,164,-0.0004728361964225,0.9271875023841858,0.875,0.5
easy,165,165,55.0,165,-0.0,1.0,1.0,0.0
easy,166,166,55.333333333333336,166,-0.0460123494267463,0.6103124618530273,0.5,1.0
easy,167,167,55.666666666666664,167,-0.0243617370724678,0.707812488079071,0.625,0.5
easy,168,168,56.0,168,6.061419844627381e-05,0.7518749833106995,0.625,0.4999999105930328
easy,169,169,56.333333333333336,169,-0.0,1.0,1.0,0.0
easy,170,170,56.666666666666664,170,-0.0410972088575363,0.5196875333786011,0.375,1.0
easy,171,171,57.0,171,-0.0032326877117156,0.7587499618530273,0.625,0.5
easy,172,172,57.33333333333333,172,0.027612155303359,0.4325000345706939,0.25,0.9999999403953552
easy,173,173,57.66666666666666,173,0.0066517069935798,0.7068749666213989,0.5,0.5
easy,174,174,57.99999999999999,174,-0.0118593126535415,0.6474999785423279,0.5,0.5
easy,175,175,58.33333333333333,175,-0.0192733947187662,0.7200000286102295,0.625,0.5
easy,176,176,58.66666666666666,176,-0.0268604345619678,0.2118749916553497,0.0,1.0
easy,177,177,58.99999999999999,177,-0.0187197588384151,0.9278125166893004,0.875,0.5
easy,178,178,59.33333333333333,178,-0.0158963315188884,0.7000000476837158,0.625,1.0
easy,179,179,59.666666666666664,179,0.0301400069147348,0.4956250190734863,0.375,1.0
easy,180,180,59.99999999999999,180,-0.0037131924182176,0.8068749904632568,0.75,0.5
easy,181,181,60.33333333333333,181,-0.028256133198738,0.6221874952316284,0.5,0.4999998211860657
easy,182,182,60.666666666666664,182,0.0269410852342844,0.7331250309944153,0.625,0.9999998807907104
easy,183,183,60.99999999999999,183,-0.0,0.6000000238418579,0.5,0.0
easy,184,184,61.33333333333333,184,-0.0125154890120029,0.65625,0.5,0.9999999403953552
easy,185,185,61.666666666666664,185,-0.0168881677091121,0.7787500023841858,0.625,0.5
easy,186,186,61.99999999999999,186,-0.004745464771986,0.5959374904632568,0.375,1.0
easy,187,187,62.33333333333333,187,-0.0029056593775749,0.4000000357627868,0.25,1.000000238418579
easy,188,188,62.666666666666664,188,-0.0210340712219476,0.6759375333786011,0.5,1.0
easy,189,189,63.0,189,-0.0156856030225753,0.4149999916553497,0.25,1.0
easy,190,190,63.33333333333333,190,-0.0209207646548748,0.801562488079071,0.75,0.4999999701976776
easy,191,191,63.666666666666664,191,-0.0160475112497806,0.5015624761581421,0.375,0.9999998211860656
easy,192,192,64.0,192,0.0139173977077007,0.2931250035762787,0.125,0.9999997615814208
easy,193,193,64.33333333333333,193,-0.020625852048397,0.6553125381469727,0.5,0.5
easy,194,194,64.66666666666667,194,-0.0547531358897686,0.5009375214576721,0.25,1.0
easy,195,195,65.0,195,-0.0046573895961046,0.6212500333786011,0.5,1.0
easy,196,196,65.33333333333333,196,0.0258983373641967,0.7074999809265137,0.5,0.4999999105930328
easy,197,197,65.66666666666667,197,-0.0020252466201782,0.903124988079071,0.875,0.4999999403953552
easy,198,198,66.0,198,-0.0226973667740821,0.8059375286102295,0.75,0.4999999403953552
easy,199,199,66.33333333333333,199,-0.0185073316097259,0.4896875023841858,0.25,1.0
easy,200,200,66.66666666666667,200,-0.0523278266191482,0.8290624618530273,0.75,1.0
easy,201,201,67.0,201,-0.0271590389311313,0.6409375071525574,0.5,0.9999999403953552
easy,202,202,67.33333333333333,202,-0.0486631095409393,0.7431249618530273,0.625,1.0
easy,203,203,67.66666666666667,203,0.0091672223061323,0.8181250095367432,0.75,0.5
easy,204,204,67.99999999999999,204,0.000596223399043,0.4693750143051147,0.125,0.9999998807907104
easy,205,205,68.33333333333333,205,0.0001523452810943,0.2800000011920929,0.0,0.5
easy,206,206,68.66666666666666,206,-0.002019464969635,0.6015625,0.5,0.4999999701976776
easy,207,207,68.99999999999999,207,-0.0395257622003555,0.6974999904632568,0.5,0.5
easy,208,208,69.33333333333333,208,-0.0210967846214771,0.4368749856948852,0.25,0.9999998807907104
easy,209,209,69.66666666666666,209,0.005819771438837,0.504687488079071,0.375,0.9999998211860656
easy,210,210,70.0,210,-0.0371815636754035,0.7021875381469727,0.625,0.9999999403953552
easy,211,211,70.33333333333333,211,0.0035241767764091,0.8331249952316284,0.75,0.5
easy,212,212,70.66666666666666,212,-0.0191918276250362,0.8999999761581421,0.875,0.5
easy,213,213,71.0,213,-0.0046701803803443,0.6909375190734863,0.5,0.9999999403953552
easy,214,214,71.33333333333333,214,0.0035592429339885,0.3924999833106994,0.25,0.9999998807907104
easy,215,215,71.66666666666666,215,-0.0022699497640132,0.9209375381469728,0.875,0.5
easy,216,216,72.0,216,-0.0,1.0,1.0,0.0
easy,217,217,72.33333333333333,217,-0.0361704193055629,0.5246874690055847,0.375,0.9999998807907104
easy,218,218,72.66666666666666,218,-0.028286375105381,0.6028125286102295,0.5,0.9999999403953552
easy,219,219,73.0,219,0.0090339630842208,0.6193749904632568,0.5,0.5
easy,220,220,73.33333333333333,220,0.040047600865364,0.3137500286102295,0.0,1.0
easy,221,221,73.66666666666666,221,0.0519446395337581,0.2556250095367431,0.0,1.0
easy,222,222,74.0,222,0.0103955008089542,0.5940625071525574,0.5,0.4999999701976776
easy,223,223,74.33333333333333,223,0.0045179259032011,0.5271875262260437,0.25,0.9999999403953552
easy,224,224,74.66666666666666,224,0.0027291290462017,0.9034374952316284,0.875,0.5
easy,225,225,75.0,225,0.0455921851098537,0.3940625190734863,0.25,1.0
easy,226,226,75.33333333333333,226,-0.0308759491890668,0.7900000214576721,0.75,0.4999999403953552
easy,227,227,75.66666666666667,227,0.0541627258062362,0.5440624952316284,0.375,0.9999999403953552
easy,228,228,76.0,228,-0.0,0.7099999785423279,0.5,0.0
easy,229,229,76.33333333333333,229,0.0009154342114925,0.6225000023841858,0.5,1.0
easy,230,230,76.66666666666667,230,-0.0524536743760108,0.8050000071525574,0.75,1.0
easy,231,231,77.0,231,-0.0004638098180294,0.5331249833106995,0.375,0.9999999403953552
easy,232,232,77.33333333333333,232,-0.0192218963056802,0.5612499713897705,0.375,1.0
easy,233,233,77.66666666666667,233,0.0026456173509359,0.5096874833106995,0.375,1.0
easy,234,234,78.0,234,0.0260485541075468,0.3787500262260437,0.25,1.0
easy,235,235,78.33333333333333,235,0.0299182850867509,0.6815624833106995,0.5,0.5
easy,236,236,78.66666666666666,236,-0.0060346778482198,0.7009375095367432,0.625,1.0
easy,237,237,78.99999999999999,237,-0.0327210873365402,0.7440625429153442,0.625,1.0
easy,238,238,79.33333333333333,238,-0.0529096201062202,0.4093750119209289,0.25,0.9999998807907104
easy,239,239,79.66666666666666,239,-0.0077981539070606,0.3662500083446502,0.125,0.9999999403953552
easy,240,240,79.99999999999999,240,-0.0,1.0,1.0,0.0
easy,241,241,80.33333333333333,241,-0.0,1.0,1.0,0.0
easy,242,242,80.66666666666666,242,-0.011192500591278,0.3006249964237213,0.125,1.0
easy,243,243,81.0,243,-0.0057228505611419,0.831250011920929,0.75,0.4999999403953552
easy,244,244,81.33333333333333,244,-0.0075270980596542,0.7015625238418579,0.5,1.0
easy,245,245,81.66666666666666,245,-0.0244530141353607,0.4556249976158142,0.25,1.0
easy,246,246,82.0,246,-0.012024387717247,0.2574999928474426,0.125,1.0
easy,247,247,82.33333333333333,247,-0.0043415799736976,0.901562511920929,0.875,0.5000000596046448
easy,248,248,82.66666666666666,248,0.0054135248064994,0.6068750023841858,0.5,1.0
easy,249,249,83.0,249,-0.046194102615118,0.5746874809265137,0.375,0.9999999403953552
easy,250,250,83.33333333333333,250,0.0075225830078125,0.2006250023841858,0.0,0.5
easy,251,251,83.66666666666666,251,-0.0960533171892166,0.4040625095367431,0.25,1.0
easy,252,252,84.0,252,-0.0,1.0,1.0,0.0
easy,253,253,84.33333333333333,253,-0.0,0.6000000238418579,0.5,0.0
easy,254,254,84.66666666666666,254,-0.0126724392175674,0.6109374761581421,0.5,0.4999998807907104
easy,255,255,85.0,255,-0.0193284042179584,0.2818750143051147,0.125,0.9999998807907104
easy,256,256,85.33333333333333,256,-0.0559754520654678,0.4481250047683716,0.25,1.0
easy,257,257,85.66666666666666,257,-0.0550145208835601,0.6931250095367432,0.5,1.0
easy,258,258,86.0,258,0.0075871311128139,0.5696874856948853,0.375,1.0
easy,259,259,86.33333333333333,259,-0.0060205142945051,0.8196874856948853,0.75,1.0
easy,260,260,86.66666666666667,260,-0.0233715754002332,0.5099999904632568,0.25,1.0
easy,261,261,87.0,261,-0.0349365547299385,0.4340624809265136,0.25,0.9999999403953552
easy,262,262,87.33333333333333,262,0.046942725777626,0.5649999976158142,0.375,1.0
easy,263,263,87.66666666666667,263,0.0166234020143747,0.5065624713897705,0.375,0.9999998807907104
easy,264,264,88.0,264,-0.0458905510604381,0.6781250238418579,0.5,1.0
easy,265,265,88.33333333333333,265,-0.0058197379112243,0.6468750238418579,0.5,0.4999999403953552
easy,266,266,88.66666666666667,266,-0.0394690930843353,0.4562500119209289,0.25,0.9999998807907104
easy,267,267,89.0,267,0.0188266299664974,0.7184375524520874,0.625,1.0
easy,268,268,89.33333333333333,268,0.0160349737852811,0.9306249618530272,0.875,0.5
easy,269,269,89.66666666666667,269,-0.0,1.0,1.0,0.0
easy,270,270,90.0,270,-0.0180114172399044,0.4303125143051147,0.25,1.0
easy,271,271,90.33333333333333,271,0.0089302845299243,0.928125023841858,0.875,0.4999999403953552
easy,272,272,90.66666666666667,272,-0.0196400992572307,0.4287500083446502,0.25,1.0
easy,273,273,91.0,273,-0.0328014679253101,0.4462500214576721,0.25,1.0
easy,274,274,91.33333333333333,274,-0.0181116089224815,0.6015625,0.5,0.5
easy,275,275,91.66666666666667,275,-0.0098977647721767,0.729687511920929,0.625,0.4999999403953552
easy,276,276,92.0,276,-0.0131021328270435,0.7578125,0.625,0.5
easy,277,277,92.33333333333334,277,-0.0114447679370641,0.6496875286102295,0.5,1.0
easy,278,278,92.66666666666667,278,0.0344755128026008,0.731249988079071,0.625,0.5
easy,279,279,93.0,279,0.0246164165437221,0.800000011920929,0.75,1.0
easy,280,280,93.33333333333334,280,-0.0986387059092521,0.5899999737739563,0.5,1.0
easy,281,281,93.66666666666667,281,-0.043080661445856,0.690625011920929,0.625,0.4999999403953552
easy,282,282,93.99999999999999,282,-0.053809855133295,0.4200000166893005,0.25,0.9999999403953552
easy,283,283,94.33333333333331,283,-0.0281650498509407,0.6265624761581421,0.5,0.5000000596046448
easy,284,284,94.66666666666666,284,-0.0420679785311222,0.5731250047683716,0.5,1.0
easy,285,285,94.99999999999999,285,0.0023922584950923,0.8100000023841858,0.75,0.5
easy,286,286,95.33333333333331,286,-0.0003854557871818,0.6190624833106995,0.5,0.4999999403953552
easy,287,287,95.66666666666666,287,-0.0246685817837715,0.434374988079071,0.25,1.0
easy,288,288,95.99999999999999,288,-0.0459236875176429,0.5787500143051147,0.375,0.999999463558197
easy,289,289,96.33333333333331,289,-0.0059020146727561,0.6434375047683716,0.5,0.4999999403953552
easy,290,290,96.66666666666666,290,-0.0057219881564378,0.5693749785423279,0.375,0.9999999403953552
easy,291,291,96.99999999999999,291,-0.0217875055968761,0.8999999761581421,0.875,0.5
easy,292,292,97.33333333333333,292,-0.0214978903532028,0.8521875143051147,0.75,0.4999999403953552
easy,293,293,97.66666666666666,293,-0.0082547441124916,0.5484374761581421,0.375,0.9999999403953552
easy,294,294,97.99999999999999,294,0.0067232232540845,0.7406250238418579,0.625,0.4999999403953552
easy,295,295,98.33333333333333,295,0.0039457157254219,0.2659375071525574,0.0,0.9999999403953552
easy,296,296,98.66666666666666,296,0.0142202749848365,0.6053124666213989,0.375,0.9999998807907104
easy,297,297,98.99999999999999,297,-0.0547026731073856,0.5634375214576721,0.375,0.9999999403953552
easy,298,298,99.33333333333333,298,-0.0555204600095748,0.5871875286102295,0.375,1.0
easy,299,299,99.66666666666666,299,-0.03096136264503,0.5790625214576721,0.375,1.0
easy,300,300,99.99999999999999,300,-0.0116500854492187,0.7475000023841858,0.625,1.0
easy,301,301,100.33333333333333,301,-0.0230707488954067,0.518750011920929,0.375,1.0
easy,302,302,100.66666666666666,302,0.0256117116659879,0.5234375,0.25,0.9999998807907104
easy,303,303,100.99999999999999,303,-0.0396210327744483,0.3868749737739563,0.125,0.9999999403953552
easy,304,304,101.33333333333333,304,-0.0171931982040405,0.5078125,0.375,1.0
easy,305,305,101.66666666666666,305,-0.0770408809185028,0.6931250095367432,0.5,0.9999999403953552
easy,306,306,101.99999999999999,306,0.0121161695569753,0.800000011920929,0.75,1.0
easy,307,307,102.33333333333333,307,0.0007930435240268,0.715624988079071,0.625,0.9999998807907104
easy,308,308,102.66666666666666,308,-0.029143339022994,0.5231249928474426,0.375,1.0
easy,309,309,103.0,309,-0.0168428495526313,0.5137500166893005,0.25,1.0
easy,310,310,103.33333333333333,310,0.0175838023424148,0.8346874713897705,0.75,0.5
easy,311,311,103.66666666666666,311,-0.0126418992877006,0.2603124976158142,0.0,1.0
easy,312,312,104.0,312,-6.855838000774384e-05,0.503125011920929,0.375,1.0
easy,313,313,104.33333333333333,313,-0.0231246463954448,0.6800000071525574,0.625,0.5
easy,314,314,104.66666666666666,314,0.0401747748255729,0.6012499928474426,0.5,0.5
easy,315,315,105.0,315,-0.0142519306391477,0.5168750286102295,0.375,0.9999999403953552
easy,316,316,105.33333333333333,316,-0.0185366179794073,0.8474999666213989,0.75,0.9999999403953552
easy,317,317,105.66666666666666,317,-0.0025915428996086,0.8087500333786011,0.75,0.5
easy,318,318,106.0,318,0.0372003428637981,0.317187488079071,0.125,1.0
easy,319,319,106.33333333333333,319,-0.0054525397717952,0.9018750190734864,0.875,0.5
easy,320,320,106.66666666666666,320,-0.0181353539228439,0.8034374713897705,0.75,0.5
easy,321,321,107.0,321,-0.0,1.0,1.0,0.0
easy,322,322,107.33333333333333,322,-0.0346316881477832,0.8140624761581421,0.75,1.0
easy,323,323,107.66666666666666,323,0.0205060336738824,0.5287500023841858,0.375,1.0
easy,324,324,108.0,324,-0.0292923506349325,0.8999999761581421,0.875,0.5
easy,325,325,108.33333333333333,325,-0.0444708876311779,0.75,0.625,1.0
easy,326,326,108.66666666666667,326,-0.0260741598904132,0.4675000309944153,0.25,1.0
easy,327,327,109.0,327,-0.0356290303170681,0.5806249976158142,0.375,1.0
easy,328,328,109.33333333333333,328,0.0049253292381763,0.9012500047683716,0.875,0.5
easy,329,329,109.66666666666667,329,-0.0032640025019645,0.5803124904632568,0.5,0.5
easy,330,330,110.0,330,-0.0464757420122623,0.800000011920929,0.75,1.0
easy,331,331,110.33333333333333,331,-0.0484383255243301,0.8999999761581421,0.875,0.5
easy,332,332,110.66666666666667,332,-0.0,1.0,1.0,0.0
easy,333,333,111.0,333,-0.0049980022013187,0.7528125047683716,0.625,0.4999999403953552
easy,334,334,111.33333333333333,334,-0.0,1.0,1.0,0.0
easy,335,335,111.66666666666667,335,-0.0214250553399324,0.7074999809265137,0.625,0.5
easy,336,336,112.0,336,0.0115884356200695,0.4434375166893005,0.25,1.0
easy,337,337,112.33333333333333,337,-0.0064371787011623,0.9306249618530272,0.875,0.5
easy,338,338,112.66666666666667,338,-0.00471424870193,0.7599999904632568,0.625,0.9999999403953552
easy,339,339,113.0,339,-0.0046829767525196,0.9084374904632568,0.875,0.5
easy,340,340,113.33333333333333,340,-0.0259129777550697,0.8284375071525574,0.75,0.9999999403953552
easy,341,341,113.66666666666667,341,-0.0037660971283912,0.8125,0.75,0.5
easy,342,342,114.0,342,0.0023519303649663,0.800000011920929,0.75,0.5
easy,343,343,114.33333333333334,343,-0.022619554772973,0.5303124785423279,0.375,1.0
easy,344,344,114.66666666666666,344,-0.0124187413603067,0.8196874856948853,0.75,0.4999999701976776
easy,345,345,114.99999999999999,345,-0.0274352766573429,0.6318749785423279,0.5,0.5
easy,346,346,115.33333333333331,346,0.0089569836854934,0.8999999761581421,0.875,0.5
easy,347,347,115.66666666666666,347,-0.0250038914382457,0.4718750119209289,0.25,1.0
easy,348,348,115.99999999999999,348,-0.039501991122961,0.5543749928474426,0.375,0.9999999403953552
easy,349,349,116.33333333333331,349,-0.0084794238209724,0.6534374952316284,0.5,1.0
easy,350,350,116.66666666666666,350,-0.0247382037341594,0.6456249952316284,0.5,0.5
easy,351,351,116.99999999999999,351,-0.0217419490218162,0.4956250190734863,0.375,1.0
easy,352,352,117.33333333333331,352,-0.041534811258316,0.5484374761581421,0.375,1.0
easy,353,353,117.66666666666666,353,-0.0056763365864753,0.7021874785423279,0.625,0.5
easy,354,354,117.99999999999999,354,0.0376610308885574,0.2959375083446502,0.0,1.0
easy,355,355,118.33333333333331,355,-0.007777833379805,0.6040624976158142,0.5,1.0
easy,356,356,118.66666666666666,356,-0.0183582343161106,0.4646874964237213,0.25,1.0
easy,357,357,118.99999999999999,357,-0.0124214962124824,0.7103124856948853,0.625,1.0
easy,358,358,119.33333333333333,358,0.0026361867785453,0.8337500095367432,0.75,0.5
easy,359,359,119.66666666666666,359,-0.0,1.0,1.0,0.0
easy,360,360,119.99999999999999,360,-0.0117312669754028,0.8056250214576721,0.75,0.5
easy,361,361,120.33333333333333,361,-0.0848525315523147,0.3409374952316284,0.125,1.0
easy,362,362,120.66666666666666,362,0.0163601040840148,0.7281249761581421,0.625,1.0
easy,363,363,120.99999999999999,363,0.0200485587120056,0.3912499845027923,0.25,1.0
easy,364,364,121.33333333333333,364,-0.0041741468012332,0.6071875095367432,0.375,1.0
easy,365,365,121.66666666666666,365,-0.0187258645892143,0.5,0.375,0.5
easy,366,366,121.99999999999999,366,-0.0307437814772129,0.5168750286102295,0.375,1.0
easy,367,367,122.33333333333333,367,-0.0643808245658874,0.4584375023841858,0.25,0.9999999403953552
easy,368,368,122.66666666666666,368,-0.0821978896856308,0.6315625309944153,0.5,1.0
easy,369,369,122.99999999999999,369,-0.0307665448635816,0.5318750143051147,0.375,1.0
easy,370,370,123.33333333333333,370,-0.0022333562374114,0.8215625286102295,0.75,0.5
easy,371,371,123.66666666666666,371,-0.00857824832201,0.800000011920929,0.75,1.0
easy,372,372,123.99999999999999,372,-0.0288406535983085,0.5437500476837158,0.25,1.0
easy,373,373,124.33333333333333,373,-0.0398369692265987,0.6665624976158142,0.5,1.0
easy,374,374,124.66666666666666,374,0.0163487046957016,0.9209375381469728,0.875,0.5
easy,375,375,125.0,375,-0.0054369550198316,0.7003124952316284,0.625,1.0
easy,376,376,125.33333333333333,376,0.0130242332816123,0.7803125381469727,0.625,1.0
easy,377,377,125.66666666666666,377,0.0049346648156642,0.8999999761581421,0.875,0.5
easy,378,378,126.0,378,0.0237496495246887,0.831250011920929,0.75,0.4999999403953552
easy,379,379,126.33333333333333,379,0.0180190056562423,0.8065624833106995,0.75,0.5
easy,380,380,126.66666666666666,380,-0.0307014659047126,0.9003124833106995,0.875,0.5
easy,381,381,127.0,381,-0.0488030686974525,0.6981250047683716,0.5,1.0
easy,382,382,127.33333333333333,382,0.0311107076704502,0.5712499618530273,0.375,0.9999998807907104
easy,383,383,127.66666666666666,383,-0.0144138988107442,0.901562511920929,0.875,0.5000000596046448
easy,384,384,128.0,384,-0.0608615353703498,0.4331250190734863,0.25,1.0
easy,385,385,128.33333333333334,385,-0.0305384118109941,0.550000011920929,0.375,1.0
easy,386,386,128.66666666666666,386,-0.0,1.0,1.0,0.0
easy,387,387,129.0,387,-0.0127590857446193,0.4381250143051147,0.125,1.0
easy,388,388,129.33333333333334,388,-0.0112424604594707,0.7746875286102295,0.625,1.0
easy,389,389,129.66666666666666,389,-0.0020993426442146,0.4012500047683716,0.25,1.0
easy,390,390,130.0,390,0.0419979579746723,0.5643750429153442,0.375,0.9999999403953552
easy,391,391,130.33333333333334,391,-0.0449839383363723,0.8009375333786011,0.75,1.0
easy,392,392,130.66666666666666,392,-0.0019407421350479,0.8596875071525574,0.75,0.5
easy,393,393,131.0,393,-0.0247743912041187,0.6412500143051147,0.375,1.0
easy,394,394,131.33333333333334,394,0.0024227611720561,0.6015625,0.5,0.4999998211860657
easy,395,395,131.66666666666666,395,-0.0395382270216941,0.8590624928474426,0.75,0.5
easy,396,396,132.0,396,-0.035567931830883,0.8021875023841858,0.75,0.5
easy,397,397,132.33333333333334,397,-0.0035349242389202,0.9159374833106996,0.875,0.5
easy,398,398,132.66666666666666,398,-0.0165794268250465,0.9059374928474426,0.875,0.5
easy,399,399,133.0,399,0.0078027285635471,0.4215624928474426,0.25,0.9999999403953552
easy,400,400,133.33333333333334,400,0.0212240237742662,0.5049999952316284,0.25,1.0
easy,401,401,133.66666666666666,401,-0.0108240135014057,0.8037499785423279,0.75,0.4999999403953552
easy,402,402,134.0,402,-0.0533385202288627,0.5759375095367432,0.375,1.0
easy,403,403,134.33333333333334,403,-0.0374845042824745,0.8009375333786011,0.75,0.4999999701976776
easy,404,404,134.66666666666666,404,-0.0511456057429313,0.8218749761581421,0.75,1.0
easy,405,405,135.0,405,-0.0124696716666221,0.5996875166893005,0.5,0.4999999403953552
easy,406,406,135.33333333333334,406,-0.0140144377946853,0.8999999761581421,0.875,0.5
easy,407,407,135.66666666666666,407,-0.0,1.0,1.0,0.0
easy,408,408,135.99999999999997,408,-0.0185308046638965,0.8999999761581421,0.875,0.5
easy,409,409,136.33333333333331,409,0.0053765699267387,0.6153125166893005,0.5,1.0
easy,410,410,136.66666666666666,410,-0.0023585800081491,0.4000000059604645,0.25,0.5
easy,411,411,136.99999999999997,411,-0.0,1.0,1.0,0.0
easy,412,412,137.33333333333331,412,0.0062001049518585,0.6656249761581421,0.5,0.5
easy,413,413,137.66666666666666,413,-0.0281412210315465,0.6378124952316284,0.5,1.0
easy,414,414,137.99999999999997,414,-0.0,1.0,1.0,0.0
easy,415,415,138.33333333333331,415,0.0182788930833339,0.5,0.375,0.5
easy,416,416,138.66666666666666,416,-0.0,1.0,1.0,0.0
easy,417,417,139.0,417,0.0081719309091568,0.7331249713897705,0.625,0.4999999701976776
easy,418,418,139.33333333333331,418,-0.0033333133906126,0.8031250238418579,0.75,0.5
easy,419,419,139.66666666666666,419,0.0201478544622659,0.2731249928474426,0.0,0.5
easy,420,420,140.0,420,-0.0041711367666721,0.6134375333786011,0.5,0.5
easy,421,421,140.33333333333331,421,-0.0,1.0,1.0,0.0
easy,422,422,140.66666666666666,422,-0.0476774051785469,0.3259375095367431,0.125,0.9999999403953552
easy,423,423,141.0,423,0.0165755935013294,0.3353124856948852,0.125,1.0
easy,424,424,141.33333333333331,424,-0.0103692449629306,0.5940624475479126,0.375,1.0
easy,425,425,141.66666666666666,425,-0.0087536722421646,0.3521875143051147,0.125,1.0
easy,426,426,142.0,426,0.0116827003657817,0.5262500047683716,0.25,1.0
easy,427,427,142.33333333333331,427,-0.0085292309522628,0.9309375286102296,0.875,0.5
easy,428,428,142.66666666666666,428,0.0023254305124282,0.699999988079071,0.625,0.5
easy,429,429,143.0,429,0.0058508645743131,0.7168750166893005,0.625,0.4999999403953552
easy,430,430,143.33333333333331,430,-0.0692454576492309,0.5609375238418579,0.375,1.0
easy,431,431,143.66666666666666,431,-0.0016614310443401,0.4321874976158142,0.125,0.9999999403953552
easy,432,432,144.0,432,-0.0420656464993953,0.6631250381469727,0.5,1.0
easy,433,433,144.33333333333331,433,0.0148946940898895,0.2103125005960464,0.0,1.0
easy,434,434,144.66666666666666,434,-0.0361215807497501,0.629687488079071,0.5,1.0
easy,435,435,145.0,435,-0.0144740007817745,0.2025000005960464,0.0,0.5
easy,436,436,145.33333333333331,436,-0.0,1.0,1.0,0.0
easy,437,437,145.66666666666666,437,-0.0,1.0,1.0,0.0
easy,438,438,146.0,438,-0.0220552701503038,0.5090624690055847,0.375,0.9999999403953552
easy,439,439,146.33333333333331,439,0.004670662805438,0.3515625,0.125,1.0
easy,440,440,146.66666666666666,440,-0.0546859204769134,0.6140625476837158,0.5,1.0
easy,441,441,147.0,441,-0.0352847315371036,0.7524999976158142,0.625,1.0
easy,442,442,147.33333333333331,442,0.0063072144985198,0.4709374904632568,0.25,1.0
easy,443,443,147.66666666666666,443,0.0008372217416763,0.8181250095367432,0.75,0.5
easy,444,444,148.0,444,-0.0076423026621341,0.5771875381469727,0.375,1.0
easy,445,445,148.33333333333331,445,-0.0115481615066528,0.5275000333786011,0.375,1.0
easy,446,446,148.66666666666666,446,-0.0275323241949081,0.7806249856948853,0.75,0.4999999701976776
easy,447,447,149.0,447,-0.0317413061857223,0.4159374833106994,0.25,0.9999999403953552
easy,448,448,149.33333333333331,448,0.0471132546663284,0.5168750286102295,0.375,1.0
easy,449,449,149.66666666666666,449,-0.0011165849864482,0.5225000381469727,0.375,1.0
easy,450,450,150.0,450,-0.0,1.0,1.0,0.0
easy,451,451,150.33333333333334,451,-0.0632519498467445,0.800000011920929,0.75,0.5
easy,452,452,150.66666666666666,452,0.0194442085921764,0.6418750286102295,0.5,0.9999999403953552
easy,453,453,151.0,453,-0.012358970940113,0.8999999761581421,0.875,0.5
easy,454,454,151.33333333333334,454,-0.0,1.0,1.0,0.0
easy,455,455,151.66666666666666,455,-0.0,1.0,1.0,0.0
easy,456,456,152.0,456,-0.0048683509230613,0.6396875381469727,0.5,1.0
easy,457,457,152.33333333333334,457,-0.0,1.0,1.0,0.0
easy,458,458,152.66666666666666,458,-0.0080060064792633,0.6003125309944153,0.5,1.0
easy,459,459,153.0,459,-0.0145826954394578,0.6028125286102295,0.5,0.4999999403953552
easy,460,460,153.33333333333334,460,0.0333264470100402,0.6825000047683716,0.5,0.9999999403953552
easy,461,461,153.66666666666666,461,0.0055075455456972,0.6490625143051147,0.5,1.0
easy,462,462,154.0,462,0.0051047382876276,0.8999999761581421,0.875,0.5
easy,463,463,154.33333333333334,463,-0.0167152732610702,0.4837499856948852,0.25,1.0
easy,464,464,154.66666666666666,464,-0.0,1.0,1.0,0.0
easy,465,465,155.0,465,-0.0069537609815597,0.7446874976158142,0.625,1.0
easy,466,466,155.33333333333334,466,0.0038665197789669,0.903124988079071,0.875,0.4999999403953552
easy,467,467,155.66666666666666,467,-0.0283226165920496,0.754687488079071,0.625,0.5
easy,468,468,156.0,468,-0.0547729842364788,0.5737500190734863,0.375,1.0
easy,469,469,156.33333333333331,469,-0.0153587274253368,0.4012500047683716,0.125,1.0
easy,470,470,156.66666666666666,470,0.025159440934658,0.6056250333786011,0.5,0.5000001788139343
easy,471,471,156.99999999999997,471,-0.0628059804439544,0.3871874809265136,0.125,1.0
easy,472,472,157.33333333333331,472,-0.0,1.0,1.0,0.0
easy,473,473,157.66666666666666,473,0.0210266672074794,0.3675000071525574,0.125,1.0000009536743164
easy,474,474,157.99999999999997,474,-0.0558757707476615,0.7215625047683716,0.625,1.0
easy,475,475,158.33333333333331,475,0.0210404321551322,0.3865624964237213,0.125,0.9999996423721312
easy,476,476,158.66666666666666,476,-0.0134115759283304,0.5428124666213989,0.375,1.0
easy,477,477,158.99999999999997,477,-0.0461958162486553,0.6246875524520874,0.5,1.0
easy,478,478,159.33333333333331,478,0.0770488306879997,0.5337499380111694,0.25,1.0
easy,479,479,159.66666666666666,479,-0.013189174234867,0.723437488079071,0.625,0.5
easy,480,480,159.99999999999997,480,-0.0241208635270595,0.7171875238418579,0.625,1.0
easy,481,481,160.33333333333331,481,-0.0392344072461128,0.6178125143051147,0.5,1.0
easy,482,482,160.66666666666666,482,-0.0230172015726566,0.6346874833106995,0.5,0.4999999403953552
easy,483,483,161.0,483,0.020141402259469,0.8999999761581421,0.875,0.5
easy,484,484,161.33333333333331,484,-0.0238359738141298,0.7553125023841858,0.625,0.5
easy,485,485,161.66666666666666,485,-0.0409866161644458,0.846875011920929,0.75,0.5
easy,486,486,162.0,486,-0.0322659090161323,0.6028125286102295,0.5,0.5
easy,487,487,162.33333333333331,487,-0.0515516176819801,0.4087499976158142,0.25,1.0
easy,488,488,162.66666666666666,488,-0.0560420341789722,0.3043749928474426,0.125,0.9999997615814208
easy,489,489,163.0,489,-0.0142516549676656,0.8999999761581421,0.875,0.5
easy,490,490,163.33333333333331,490,0.0260680168867111,0.4990624785423279,0.375,1.0
easy,491,491,163.66666666666666,491,-0.0124674439430236,0.8206250071525574,0.75,1.0
easy,492,492,164.0,492,-0.0040332078933715,0.8181250095367432,0.75,0.5
easy,493,493,164.33333333333331,493,-0.0,1.0,1.0,0.0
easy,494,494,164.66666666666666,494,-0.0204324275255203,0.6646875143051147,0.5,0.5000019669532776
easy,495,495,165.0,495,0.0079909320920705,0.6178125143051147,0.5,1.0
easy,496,496,165.33333333333331,496,-0.0461971908807754,0.4318750202655792,0.25,1.0
easy,497,497,165.66666666666666,497,-0.0381162613630294,0.5640624761581421,0.375,1.0
easy,498,498,166.0,498,-0.0367104560136795,0.8899999856948853,0.875,0.5
easy,499,499,166.33333333333331,499,-0.0,1.0,1.0,0.0
easy,500,500,166.66666666666666,500,-0.0197069644927978,0.6537500023841858,0.5,0.5
easy,501,501,167.0,501,-0.0153019949793815,0.8003125190734863,0.75,0.5
easy,502,502,167.33333333333331,502,-0.0533180013298988,0.551562488079071,0.25,1.0
easy,503,503,167.66666666666666,503,-0.015479639172554,0.7284375429153442,0.625,1.0
easy,504,504,168.0,504,-0.0404755473136901,0.9106249809265136,0.875,0.5
easy,505,505,168.33333333333331,505,0.0075342003256082,0.8999999761581421,0.875,0.5
easy,506,506,168.66666666666666,506,0.0125122088938951,0.6028125286102295,0.5,1.0
easy,507,507,169.0,507,-0.0131471157073974,0.3021875023841858,0.125,1.0
easy,508,508,169.33333333333331,508,-0.0419772937893867,0.2931250035762787,0.125,1.0
easy,509,509,169.66666666666666,509,-0.0148635730147361,0.7006250023841858,0.625,0.5
easy,510,510,170.0,510,-0.0403071269392967,0.2915624976158142,0.125,0.9999999403953552
easy,511,511,170.33333333333331,511,-0.0512254983186721,0.6181250214576721,0.375,1.000000238418579
easy,512,512,170.66666666666666,512,0.0163542069494724,0.8068749904632568,0.75,0.5
easy,513,513,171.0,513,-0.0,1.0,1.0,0.0
easy,514,514,171.33333333333331,514,-0.0620691925287246,0.7221875190734863,0.625,0.4999999701976776
easy,515,515,171.66666666666666,515,-0.0146703124046325,0.8962500095367432,0.875,0.5
easy,516,516,172.0,516,-0.0199146382510662,0.692187488079071,0.625,0.4999999701976776
easy,517,517,172.33333333333331,517,-0.0025779008865356,0.5800000429153442,0.375,0.9999999403953552
easy,518,518,172.66666666666666,518,0.0126383565366268,0.6034374833106995,0.5,0.4999999701976776
easy,519,519,173.0,519,-0.0108195766806602,0.8999999761581421,0.875,0.5
easy,520,520,173.33333333333334,520,-0.0154046677052974,0.3790625035762787,0.125,1.0
easy,521,521,173.66666666666666,521,-0.0,1.0,1.0,0.0
easy,522,522,174.0,522,-0.0,1.0,1.0,0.0
easy,523,523,174.33333333333334,523,-0.0283790417015552,0.621874988079071,0.5,0.4999999701976776
easy,524,524,174.66666666666666,524,-0.0014134794473648,0.6800000071525574,0.5,0.5000000596046448
easy,525,525,175.0,525,0.0237458553165197,0.4862499833106994,0.25,1.0
easy,526,526,175.33333333333334,526,-0.0429965779185295,0.3625000119209289,0.125,1.0000001192092896
easy,527,527,175.66666666666666,527,0.0131721422076225,0.6696875095367432,0.5,0.9999999403953552
easy,528,528,176.0,528,-0.0710797607898712,0.8453124761581421,0.75,1.0
easy,529,529,176.33333333333334,529,-0.0085633099079132,0.5165625214576721,0.375,1.0
easy,530,530,176.66666666666666,530,0.0234182812273502,0.5090624690055847,0.375,0.9999999403953552
easy,531,531,177.0,531,-0.0290067233145236,0.9131250381469728,0.875,0.5
easy,532,532,177.33333333333334,532,0.000333584845066,0.4212500154972076,0.125,0.9999999403953552
easy,533,533,177.66666666666666,533,0.0149455647915601,0.7259374856948853,0.625,1.0
easy,534,534,178.0,534,-0.040797971189022,0.3737500011920929,0.125,0.9999998807907104
easy,535,535,178.33333333333334,535,-0.0300760380923748,0.3956249952316284,0.25,0.9999998807907104
easy,536,536,178.66666666666666,536,-0.0051318407058715,0.590624988079071,0.5,0.5
easy,537,537,179.0,537,-0.0,1.0,1.0,0.0
easy,538,538,179.33333333333334,538,-0.0,1.0,1.0,0.0
easy,539,539,179.66666666666666,539,-0.0309454090893268,0.9128124713897704,0.875,0.5
easy,540,540,180.0,540,-0.0324010998010635,0.8056249618530273,0.75,1.0
easy,541,541,180.33333333333334,541,0.0112747251987457,0.6618750095367432,0.5,1.0
easy,542,542,180.66666666666666,542,-0.0,1.0,1.0,0.0
easy,543,543,181.0,543,0.0134522877633571,0.5009375214576721,0.375,1.0
easy,544,544,181.33333333333334,544,-0.0064562186598777,0.7790625095367432,0.625,0.5
easy,545,545,181.66666666666666,545,-0.0128427203744649,0.7140624523162842,0.625,0.5
easy,546,546,182.0,546,0.0141670573502779,0.5546875,0.375,1.0
easy,547,547,182.33333333333334,547,-0.0,1.0,1.0,0.0
easy,548,548,182.66666666666666,548,-0.0133639611303806,0.8018749952316284,0.75,0.5
easy,549,549,183.0,549,-0.018890157341957,0.5362499952316284,0.375,1.0
easy,550,550,183.33333333333334,550,-0.0123165249824523,0.8149999976158142,0.75,0.5
easy,551,551,183.66666666666666,551,-0.0496921725571155,0.3712500035762787,0.125,1.0
easy,552,552,184.0,552,-0.0611308328807354,0.6368750333786011,0.5,0.5
easy,553,553,184.33333333333334,553,0.0053669214248657,0.8034374713897705,0.75,0.4999999403953552
easy,554,554,184.66666666666669,554,-0.0123191066086292,0.6162499785423279,0.5,1.0
easy,555,555,185.0,555,-0.0003688931465148,0.800000011920929,0.75,1.0
easy,556,556,185.33333333333334,556,-0.0177559368312358,0.8100000023841858,0.75,0.5
easy,557,557,185.66666666666669,557,0.0117459297180175,0.7899999618530273,0.75,1.0
easy,558,558,186.0,558,3.195926547050476e-05,0.8999999761581421,0.875,0.5
easy,559,559,186.33333333333334,559,0.0452653057873249,0.4878125190734863,0.125,1.0
easy,560,560,186.66666666666669,560,-0.0036337357014417,0.7543749809265137,0.625,0.4999999701976776
easy,561,561,187.0,561,-0.078327402472496,0.609375,0.375,0.9999999403953552
easy,562,562,187.33333333333334,562,0.0009767189621925,0.9096875190734864,0.875,0.5
easy,563,563,187.66666666666663,563,0.0231497325003147,0.2315625101327896,0.0,0.9999997615814208
easy,564,564,187.99999999999997,564,-0.0037343818694353,0.8999999761581421,0.875,0.5
easy,565,565,188.33333333333331,565,-0.0562225356698036,0.5909374952316284,0.375,0.9999998807907104
easy,566,566,188.66666666666663,566,-0.0,1.0,1.0,0.0
easy,567,567,188.99999999999997,567,0.0065867491066455,0.831250011920929,0.75,0.5
easy,568,568,189.33333333333331,568,-0.0,1.0,1.0,0.0
easy,569,569,189.66666666666663,569,-0.0260796211659908,0.2081249952316284,0.0,0.5000000596046448
easy,570,570,189.99999999999997,570,0.0187176875770092,0.7634375095367432,0.625,0.5
easy,571,571,190.33333333333331,571,0.0401430502533912,0.3096874952316284,0.125,1.0
easy,572,572,190.66666666666663,572,0.0073205567896366,0.6521874666213989,0.5,0.5000001192092896
easy,573,573,190.99999999999997,573,0.008184865117073,0.8999999761581421,0.875,0.5
easy,574,574,191.33333333333331,574,-0.008791409432888,0.3162500262260437,0.125,0.9999999403953552
easy,575,575,191.66666666666663,575,0.0019775256514549,0.7537499666213989,0.625,0.5
easy,576,576,191.99999999999997,576,0.0129054524004459,0.8100000023841858,0.75,0.5
easy,577,577,192.33333333333331,577,-0.0397213846445083,0.7074999809265137,0.625,0.5
easy,578,578,192.66666666666663,578,-0.0227408818900585,0.2265625,0.0,0.5
easy,579,579,192.99999999999997,579,0.0200416445732116,0.5774999856948853,0.375,1.0
easy,580,580,193.33333333333331,580,-0.0081897713243961,0.8165625333786011,0.75,0.5
easy,581,581,193.66666666666663,581,-0.0024926140904426,0.3693749904632568,0.125,0.9999998807907104
easy,582,582,193.99999999999997,582,-0.0191705785691738,0.8053125143051147,0.75,1.0
easy,583,583,194.33333333333331,583,-0.0225107260048389,0.9296875,0.875,0.5
easy,584,584,194.66666666666666,584,-0.0163708068430423,0.6103124618530273,0.5,0.4999999403953552
easy,585,585,194.99999999999997,585,-0.0321410335600376,0.9090625047683716,0.875,0.5
easy,586,586,195.33333333333331,586,-0.0077764876186847,0.8999999761581421,0.875,0.5
easy,587,587,195.66666666666666,587,-0.0129032339900732,0.4868749976158142,0.375,1.0
easy,588,588,195.99999999999997,588,-0.0381628721952438,0.8606250286102295,0.75,0.4999999701976776
easy,589,589,196.33333333333331,589,-0.0170228108763694,0.6850000023841858,0.5,1.0
easy,590,590,196.66666666666666,590,-0.0051273629069328,0.8999999761581421,0.875,0.5
easy,591,591,196.99999999999997,591,-0.0300596244633197,0.6012499928474426,0.5,0.5
easy,592,592,197.33333333333331,592,-0.004048591479659,0.7325000166893005,0.625,1.0
easy,593,593,197.66666666666666,593,-0.0212041549384593,0.2521874904632568,0.0,0.9999999403953552
easy,594,594,197.99999999999997,594,0.0002183429896831,0.7584375143051147,0.625,0.5
easy,595,595,198.33333333333331,595,-0.0296014584600925,0.4403125047683716,0.25,1.0
easy,596,596,198.66666666666666,596,-0.031843613833189,0.6256250143051147,0.5,1.0
easy,597,597,198.99999999999997,597,0.0228010769933462,0.5090624690055847,0.375,0.9999998807907104
easy,598,598,199.33333333333331,598,-0.045840561389923,0.5668749809265137,0.375,1.0
easy,599,599,199.66666666666666,599,-0.0494511015713214,0.469062477350235,0.25,1.0
easy,600,600,199.99999999999997,600,-0.0139659531414508,0.7371875047683716,0.625,0.5
easy,601,601,200.33333333333331,601,-0.0178323369473218,0.8999999761581421,0.875,0.5
easy,602,602,200.66666666666666,602,-0.0184645876288414,0.6056250333786011,0.5,0.4999999701976776
easy,603,603,200.99999999999997,603,-0.0053415670990943,0.4290625154972076,0.25,1.0
easy,604,604,201.33333333333331,604,-0.0885565057396888,0.8284375071525574,0.75,1.0
easy,605,605,201.66666666666666,605,-0.0217141732573509,0.5009375214576721,0.375,1.0
easy,606,606,201.99999999999997,606,0.0217666961252689,0.5065624713897705,0.25,1.0
easy,607,607,202.33333333333331,607,-0.1100009828805923,0.8309375047683716,0.75,0.9999999403953552
easy,608,608,202.66666666666666,608,-0.0113072115927934,0.8043749928474426,0.75,0.5
easy,609,609,202.99999999999997,609,0.0181923285126686,0.8362500071525574,0.75,0.5
easy,610,610,203.33333333333331,610,-0.0116756148636341,0.6184375286102295,0.5,1.0
easy,611,611,203.66666666666666,611,-0.0017221681773662,0.4156249761581421,0.25,1.0
easy,612,612,203.99999999999997,612,-0.0565592534840106,0.7003124952316284,0.625,1.0
easy,613,613,204.33333333333331,613,-0.0,1.0,1.0,0.0
easy,614,614,204.66666666666666,614,-0.032239131629467,0.6471874713897705,0.5,1.0
easy,615,615,204.99999999999997,615,-0.0089960731565952,0.7168750166893005,0.625,0.4999999403953552
easy,616,616,205.33333333333331,616,-0.0799236893653869,0.3671875,0.125,0.9999997615814208
easy,617,617,205.66666666666666,617,-0.0114347729831933,0.8149999976158142,0.75,0.4999999701976776
easy,618,618,206.0,618,0.0009563472121953,0.5021874904632568,0.375,1.0
easy,619,619,206.33333333333331,619,-0.0009211301803588,0.5034375190734863,0.25,0.9999999403953552
easy,620,620,206.66666666666666,620,-0.0117272119969129,0.5175000429153442,0.375,1.0
easy,621,621,207.0,621,0.0002514012157917,0.8112499713897705,0.75,0.5
easy,622,622,207.33333333333331,622,0.0145139172673225,0.4559375047683716,0.25,1.0
easy,623,623,207.66666666666666,623,0.0155229307711124,0.9256249666213988,0.875,0.4999999403953552
easy,624,624,208.0,624,-0.0,1.0,1.0,0.0
easy,625,625,208.33333333333331,625,-0.0192555114626884,0.612500011920929,0.5,1.0
easy,626,626,208.66666666666666,626,-0.0480223149061203,0.4678125083446502,0.25,1.0
easy,627,627,209.0,627,-0.0380207896232605,0.824999988079071,0.75,1.0
easy,628,628,209.33333333333331,628,-0.0014699511229991,0.4409374892711639,0.25,1.0
easy,629,629,209.66666666666666,629,-0.027292862534523,0.8899999856948853,0.875,0.5
easy,630,630,210.0,630,-0.0068924222141504,0.5093749761581421,0.25,0.9999999403953552
easy,631,631,210.33333333333331,631,-0.0667503923177719,0.6312500238418579,0.5,1.0
easy,632,632,210.66666666666666,632,-0.0,1.0,1.0,0.0
easy,633,633,211.0,633,-0.0464005544781684,0.4368749856948852,0.25,1.0
easy,634,634,211.33333333333331,634,0.0102627612650394,0.5415624976158142,0.375,0.9999999403953552
easy,635,635,211.66666666666666,635,-0.0685331895947456,0.5525000095367432,0.375,1.0
easy,636,636,212.0,636,-0.0102165285497903,0.510312557220459,0.375,1.0
easy,637,637,212.33333333333331,637,0.004577100276947,0.6221874952316284,0.5,0.5
easy,638,638,212.66666666666666,638,0.0123152192682027,0.7168750166893005,0.625,1.0
easy,639,639,213.0,639,-0.0108557399362325,0.8171875476837158,0.75,1.0
easy,640,640,213.33333333333331,640,0.0012618750333786,0.6150000095367432,0.5,0.5
easy,641,641,213.66666666666666,641,0.029196161776781,0.6899999976158142,0.625,0.5
easy,642,642,214.0,642,0.0019684731960296,0.6103125214576721,0.5,1.0
easy,643,643,214.33333333333331,643,-0.031469315290451,0.6909375190734863,0.625,0.4999999403953552
easy,644,644,214.66666666666666,644,0.0216650944203138,0.8071874976158142,0.75,0.9999999403953552
easy,645,645,215.0,645,0.0044953823089599,0.6274999976158142,0.5,0.9999999403953552
easy,646,646,215.33333333333331,646,-0.0026366133242845,0.406562477350235,0.25,0.5
easy,647,647,215.66666666666666,647,-0.0210622139275074,0.6134375333786011,0.5,1.0
easy,648,648,216.0,648,-0.0580187998712062,0.7284374833106995,0.625,1.0
easy,649,649,216.33333333333331,649,-0.0161267966032028,0.3978125154972076,0.125,0.9999999403953552
easy,650,650,216.66666666666666,650,-0.0611321479082107,0.3037500083446502,0.125,1.0
easy,651,651,217.0,651,-0.0121373832225799,0.8340625166893005,0.75,0.4999999701976776
easy,652,652,217.33333333333334,652,-0.0289513319730758,0.5487500429153442,0.375,1.0
easy,653,653,217.66666666666666,653,-0.0,1.0,1.0,0.0
easy,654,654,218.0,654,-0.0132869482040405,0.8134375214576721,0.75,0.5
easy,655,655,218.33333333333334,655,-0.0,1.0,1.0,0.0
easy,656,656,218.66666666666666,656,-0.0229783207178115,0.3915624916553497,0.125,0.9999999403953552
easy,657,657,219.0,657,0.0518024340271949,0.8328125476837158,0.75,1.0
easy,658,658,219.33333333333334,658,-0.0228283777832984,0.6084375381469727,0.375,1.0
easy,659,659,219.66666666666666,659,-0.0260269101709127,0.8999999761581421,0.875,0.5
easy,660,660,220.0,660,0.0139025151729583,0.5090624690055847,0.25,0.9999998807907104
easy,661,661,220.33333333333334,661,-0.0317912399768829,0.9184374809265136,0.875,0.5
easy,662,662,220.66666666666666,662,-0.041056603193283,0.6068750023841858,0.375,1.0
easy,663,663,221.0,663,-0.0146499089896678,0.8128125071525574,0.75,0.5
easy,664,664,221.33333333333334,664,-0.0209151580929756,0.9134374856948853,0.875,0.5
easy,665,665,221.66666666666666,665,-0.0565518029034137,0.7725000381469727,0.625,1.0
easy,666,666,222.0,666,-0.0,1.0,1.0,0.0
easy,667,667,222.33333333333334,667,-0.0303904302418231,0.8190624713897705,0.75,0.4999999403953552
easy,668,668,222.66666666666666,668,-0.0042417589575052,0.8218749761581421,0.75,0.4999999701976776
easy,669,669,223.0,669,-0.0,1.0,1.0,0.0
easy,670,670,223.33333333333334,670,-0.0063322521746158,0.7753124833106995,0.625,0.5
easy,671,671,223.66666666666666,671,-0.0001820083707571,0.6318750381469727,0.5,1.0
easy,672,672,224.0,672,-0.0173554979264736,0.8315625190734863,0.75,1.0
easy,673,673,224.33333333333334,673,-0.019728010520339,0.8162500262260437,0.75,0.5
easy,674,674,224.66666666666666,674,0.0003082398325204,0.8409374952316284,0.75,1.0
easy,675,675,225.0,675,-0.0079351067543029,0.8512500524520874,0.75,1.0
easy,676,676,225.33333333333334,676,0.0095064491033554,0.534375011920929,0.375,1.0
easy,677,677,225.66666666666666,677,-0.0155461784452199,0.7356250286102295,0.625,0.4999999403953552
easy,678,678,226.0,678,-0.0,1.0,1.0,0.0
easy,679,679,226.33333333333334,679,-0.0393534153699874,0.7415624856948853,0.625,1.0
easy,680,680,226.66666666666666,680,0.0153764262795448,0.6018750071525574,0.5,1.0
easy,681,681,227.0,681,-0.0137993022799491,0.5909374952316284,0.5,0.4999999403953552
easy,682,682,227.33333333333334,682,0.0087605714797973,0.6059374809265137,0.5,0.5
easy,683,683,227.66666666666666,683,-0.0143849365413188,0.551562488079071,0.25,0.9999999403953552
easy,684,684,228.0,684,-0.0,1.0,1.0,0.0
easy,685,685,228.33333333333334,685,-0.0062611512839794,0.8999999761581421,0.875,0.5
easy,686,686,228.66666666666669,686,-0.0113678723573684,0.3087499737739563,0.125,0.9999996423721312
easy,687,687,229.0,687,-0.0252813212573528,0.859375,0.75,0.5
easy,688,688,229.33333333333331,688,-0.0394459813833236,0.6712499856948853,0.5,0.9999999403953552
easy,689,689,229.66666666666663,689,-0.0081051215529441,0.9284374713897704,0.875,0.5
easy,690,690,229.99999999999997,690,-0.0092968977987766,0.9131250381469728,0.875,0.5
easy,691,691,230.33333333333331,691,-0.0029225703328847,0.9096875190734864,0.875,0.5
easy,692,692,230.66666666666663,692,-0.0,1.0,1.0,0.0
easy,693,693,230.99999999999997,693,-0.0308264158666133,0.8331249952316284,0.75,0.5
easy,694,694,231.33333333333331,694,-0.032253473997116,0.6521874666213989,0.375,1.0
easy,695,695,231.66666666666663,695,0.0141368024051189,0.6156250238418579,0.5,0.5
easy,696,696,231.99999999999997,696,-0.0356260240077972,0.4778124988079071,0.25,1.0
easy,697,697,232.33333333333331,697,0.0543745942413806,0.3190625011920929,0.0,1.0
easy,698,698,232.66666666666663,698,-0.0,1.0,1.0,0.0
easy,699,699,232.99999999999997,699,-0.0955316945910453,0.4231250286102295,0.25,1.0
easy,700,700,233.33333333333331,700,-0.0223529171198606,0.8100000023841858,0.75,0.5
easy,701,701,233.66666666666663,701,-0.0237030517309904,0.6506249904632568,0.5,1.0
easy,702,702,233.99999999999997,702,-0.059364628046751,0.8459374904632568,0.75,1.0
easy,703,703,234.33333333333331,703,-0.0521032884716987,0.4206250011920929,0.25,0.9999999403953552
easy,704,704,234.66666666666663,704,-0.0650064423680305,0.7021875381469727,0.625,1.0
easy,705,705,234.99999999999997,705,-0.030421145260334,0.5659375190734863,0.375,1.0
easy,706,706,235.33333333333331,706,0.0040263347327709,0.8262499570846558,0.75,0.9999999403953552
easy,707,707,235.66666666666663,707,0.0006919354200363,0.7396875023841858,0.625,1.0
easy,708,708,235.99999999999997,708,0.0020207799971103,0.8040624856948853,0.75,0.5
easy,709,709,236.33333333333331,709,-0.021506018936634,0.6175000071525574,0.5,0.9999999403953552
easy,710,710,236.66666666666663,710,0.0054127387702465,0.9225000143051147,0.875,0.5
easy,711,711,236.99999999999997,711,0.0230309218168258,0.7131249904632568,0.625,0.5000000596046448
easy,712,712,237.33333333333331,712,0.0062574595212936,0.6587499976158142,0.5,0.5
easy,713,713,237.66666666666663,713,0.0164051633328199,0.9115625023841858,0.875,0.5
easy,714,714,237.99999999999997,714,0.0053099989891052,0.7162500023841858,0.5,0.4999999403953552
easy,715,715,238.33333333333331,715,0.0045132674276828,0.5328124761581421,0.375,1.0
easy,716,716,238.66666666666666,716,0.0131415650248527,0.6184375286102295,0.375,1.0
easy,717,717,238.99999999999997,717,0.0068673714995384,0.7903125286102295,0.625,0.4999999701976776
easy,718,718,239.33333333333331,718,-0.0314623787999153,0.5418750047683716,0.375,1.0
easy,719,719,239.66666666666666,719,-0.0156878605484962,0.8503124713897705,0.75,0.5
easy,720,720,239.99999999999997,720,-0.0212205350399017,0.7281249761581421,0.625,0.4999999403953552
easy,721,721,240.33333333333331,721,0.0151188969612121,0.8159375190734863,0.75,0.5
easy,722,722,240.66666666666666,722,-0.0,1.0,1.0,0.0
easy,723,723,240.99999999999997,723,-0.0313526317477226,0.9259375333786012,0.875,0.5
easy,724,724,241.33333333333331,724,-0.0425312966108322,0.5253124833106995,0.25,1.0
easy,725,725,241.66666666666666,725,-0.0431129932403564,0.7306250333786011,0.625,1.0
easy,726,726,241.99999999999997,726,-0.0068015530705451,0.8290625214576721,0.75,0.4999999701976776
easy,727,727,242.33333333333331,727,0.0136595368385314,0.2140624970197677,0.0,0.9999998807907104
easy,728,728,242.66666666666666,728,0.0044771954417228,0.8037500381469727,0.75,0.5
easy,729,729,242.99999999999997,729,-0.0389018133282661,0.3728125095367431,0.125,0.9999999403953552
easy,730,730,243.33333333333331,730,-0.0010312087833881,0.6415625214576721,0.5,1.0
easy,731,731,243.66666666666666,731,-0.0025404803454875,0.7034375071525574,0.625,0.4999999701976776
easy,732,732,243.99999999999997,732,-0.0333697125315666,0.7431249618530273,0.625,0.5
easy,733,733,244.33333333333331,733,-0.0058020241558551,0.7774999737739563,0.625,0.4999999403953552
easy,734,734,244.66666666666666,734,0.0062285289168357,0.8999999761581421,0.875,0.5
easy,735,735,244.99999999999997,735,0.0143127255141735,0.53125,0.375,1.0
easy,736,736,245.33333333333331,736,-0.0003682263195514,0.4293749928474426,0.25,1.0
easy,737,737,245.66666666666666,737,-0.0435927435755729,0.53125,0.375,1.0
easy,738,738,245.99999999999997,738,-0.0224002562463283,0.3196875154972076,0.125,1.0
easy,739,739,246.33333333333331,739,-0.0,1.0,1.0,0.0
easy,740,740,246.66666666666666,740,0.0012978501617908,0.7793750166893005,0.625,0.5
easy,741,741,246.99999999999997,741,-0.0,1.0,1.0,0.0
easy,742,742,247.33333333333331,742,0.0366336330771446,0.4449999928474426,0.25,1.0
easy,743,743,247.66666666666666,743,-0.0141052491962909,0.8059375286102295,0.75,0.9999999403953552
easy,744,744,247.99999999999997,744,0.0156950093805789,0.4240625202655792,0.125,1.0
easy,745,745,248.33333333333331,745,-0.0,1.0,1.0,0.0
easy,746,746,248.66666666666666,746,0.0185057129710912,0.4034374952316284,0.125,1.0
easy,747,747,248.99999999999997,747,-0.0418082773685455,0.4603125154972076,0.25,1.0
easy,748,748,249.33333333333331,748,-0.022080335766077,0.5190625190734863,0.25,1.0
easy,749,749,249.66666666666666,749,0.001186303794384,0.7150000333786011,0.625,0.5
easy,750,750,250.0,750,-0.0451238006353378,0.5543749928474426,0.375,0.9999999403953552
easy,751,751,250.33333333333331,751,0.0191647633910179,0.3946875035762787,0.125,1.0
easy,752,752,250.66666666666666,752,-0.0271172374486923,0.917187511920929,0.875,0.5
easy,753,753,251.0,753,-0.02753521874547,0.6215624809265137,0.5,0.9999999403953552
easy,754,754,251.33333333333331,754,-0.0269712340086698,0.3287500143051147,0.125,1.0
easy,755,755,251.66666666666666,755,-0.0052096992731094,0.8006249666213989,0.75,0.5
easy,756,756,252.0,756,-0.0544144511222839,0.6068750023841858,0.5,1.0
easy,757,757,252.33333333333331,757,-0.0003644097596406,0.832812488079071,0.75,0.4999999701976776
easy,758,758,252.66666666666666,758,-0.0662235394120216,0.8443750143051147,0.75,1.0
easy,759,759,253.0,759,0.0063682086765766,0.6015625,0.5,0.4999999701976776
easy,760,760,253.33333333333331,760,-0.0323397032916545,0.5062500238418579,0.375,1.0
easy,761,761,253.66666666666666,761,0.016750605776906,0.901562511920929,0.875,0.5000000596046448
easy,762,762,254.0,762,-0.0035579949617385,0.604687511920929,0.5,0.5000001788139343
easy,763,763,254.33333333333331,763,-0.0254271477460861,0.7909374833106995,0.75,0.5
easy,764,764,254.66666666666666,764,-0.0349909700453281,0.5062500238418579,0.25,1.0
easy,765,765,255.0,765,-0.0203905552625656,0.4000000059604645,0.25,0.5
easy,766,766,255.33333333333331,766,-0.0212725922465324,0.6353124976158142,0.5,1.0
easy,767,767,255.66666666666666,767,-0.0131663922220468,0.7012500166893005,0.625,0.5
easy,768,768,256.0,768,-0.0,1.0,1.0,0.0
easy,769,769,256.3333333333333,769,-0.0005058422684669,0.699999988079071,0.625,0.5
easy,770,770,256.6666666666667,770,-0.0060942955315113,0.8999999761581421,0.875,0.5
easy,771,771,257.0,771,-0.0,1.0,1.0,0.0
easy,772,772,257.3333333333333,772,-0.0507580861449241,0.801562488079071,0.75,0.4999999701976776
easy,773,773,257.6666666666667,773,0.0221132859587669,0.2065624892711639,0.0,1.0
easy,774,774,258.0,774,0.0213866867125034,0.8109375238418579,0.75,0.5
easy,775,775,258.3333333333333,775,-0.0,1.0,1.0,0.0
easy,776,776,258.6666666666667,776,-0.0184325687587261,0.8146874904632568,0.75,1.0
easy,777,777,259.0,777,-0.0205359198153018,0.9034374952316284,0.875,0.5
easy,778,778,259.3333333333333,778,-0.0,1.0,1.0,0.0
easy,779,779,259.6666666666667,779,0.0051075909286737,0.5168750286102295,0.375,1.0
easy,780,780,260.0,780,-0.0234157498925924,0.2568750083446502,0.0,0.9999999403953552
easy,781,781,260.3333333333333,781,-0.033742681145668,0.5053125023841858,0.375,1.0
easy,782,782,260.6666666666667,782,-0.0271348096430301,0.800000011920929,0.75,0.5
easy,783,783,261.0,783,-0.0151468496769666,0.5771875381469727,0.375,0.9999998807907104
easy,784,784,261.3333333333333,784,-0.0218021851032972,0.7309374809265137,0.625,1.0
easy,785,785,261.6666666666667,785,-0.0,1.0,1.0,0.0
easy,786,786,262.0,786,-0.0272055976092815,0.4328125119209289,0.25,1.0
easy,787,787,262.3333333333333,787,-0.0044261924922466,0.4928125143051147,0.25,1.0000003576278689
easy,788,788,262.6666666666667,788,-0.0,1.0,1.0,0.0
easy,789,789,263.0,789,-0.0250625126063823,0.8034374713897705,0.75,0.4999999403953552
easy,790,790,263.3333333333333,790,-0.0002017356455326,0.6468750238418579,0.5,0.4999999403953552
easy,791,791,263.6666666666667,791,-0.0,1.0,1.0,0.0
easy,792,792,264.0,792,-0.0809555873274803,0.8899999856948853,0.875,0.5
easy,793,793,264.3333333333333,793,-0.0475333258509635,0.6478124856948853,0.5,1.0
easy,794,794,264.6666666666667,794,0.0234613437205553,0.6840624809265137,0.5,1.0
easy,795,795,265.0,795,-0.0336325317621231,0.7165625095367432,0.625,0.4999999105930328
easy,796,796,265.3333333333333,796,-0.0178077556192874,0.8999999761581421,0.875,0.5
easy,797,797,265.6666666666667,797,-0.0,1.0,1.0,0.0
easy,798,798,266.0,798,-0.0,1.0,1.0,0.0
easy,799,799,266.3333333333333,799,-0.0399404428899288,0.7256250381469727,0.625,0.4999999403953552
easy,800,800,266.6666666666667,800,-0.0,1.0,1.0,0.0
easy,801,801,267.0,801,-0.0279976986348629,0.8025000095367432,0.75,0.5
easy,802,802,267.3333333333333,802,-0.0437119230628013,0.6115624904632568,0.5,1.0
easy,803,803,267.6666666666667,803,-0.0155496746301651,0.8021875023841858,0.75,0.5
easy,804,804,268.0,804,-0.0104694664478302,0.3174999952316284,0.125,0.9999998807907104
easy,805,805,268.3333333333333,805,0.0062957853078842,0.731249988079071,0.625,0.5
easy,806,806,268.6666666666667,806,0.0372407771646976,0.6862499713897705,0.5,0.4999998211860657
easy,807,807,269.0,807,0.0046707466244697,0.8581249713897705,0.75,0.5
easy,808,808,269.3333333333333,808,0.0008703283965587,0.8293750286102295,0.75,0.5
easy,809,809,269.6666666666667,809,-0.0379320606589317,0.5712500214576721,0.375,1.0
easy,810,810,270.0,810,0.0083477329462766,0.8084374666213989,0.75,1.0
easy,811,811,270.3333333333333,811,-0.0196796357631683,0.8146874904632568,0.75,0.4999999701976776
easy,812,812,270.6666666666667,812,-0.0,1.0,1.0,0.0
easy,813,813,270.99999999999994,813,-0.031209796667099,0.7300000190734863,0.625,1.0
easy,814,814,271.3333333333333,814,0.0263328943401575,0.6053125262260437,0.5,0.5000001192092896
easy,815,815,271.66666666666663,815,-0.0691288262605667,0.5012500286102295,0.25,1.0
easy,816,816,271.99999999999994,816,-0.0139804668724536,0.6840624809265137,0.5,1.0
easy,817,817,272.3333333333333,817,-0.01491629332304,0.6015625,0.5,0.4999999701976776
easy,818,818,272.66666666666663,818,0.0056355092674493,0.800000011920929,0.75,0.5
easy,819,819,272.99999999999994,819,-0.0130222998559474,0.699999988079071,0.625,0.5
easy,820,820,273.3333333333333,820,-0.0,1.0,1.0,0.0
easy,821,821,273.66666666666663,821,-0.0223317556083202,0.7618750333786011,0.625,1.0
easy,822,822,273.99999999999994,822,0.0441798046231269,0.8371875286102295,0.75,0.4999999701976776
easy,823,823,274.3333333333333,823,-0.0142394863069057,0.4915624856948852,0.375,0.9999998807907104
easy,824,824,274.66666666666663,824,-0.0143770612776279,0.8999999761581421,0.875,0.5
easy,825,825,274.99999999999994,825,-0.0345429368317127,0.8287500143051147,0.75,1.0
easy,826,826,275.3333333333333,826,-0.0260161459445953,0.7362499833106995,0.625,0.5
easy,827,827,275.66666666666663,827,-0.0,1.0,1.0,0.0
easy,828,828,275.99999999999994,828,-0.0211863294243812,0.800000011920929,0.75,0.5
easy,829,829,276.3333333333333,829,-0.0463035516440868,0.5256249904632568,0.375,1.0
easy,830,830,276.66666666666663,830,-0.0058933179825544,0.8165625333786011,0.75,0.5
easy,831,831,276.99999999999994,831,0.0071903765201568,0.9115625023841858,0.875,0.5
easy,832,832,277.3333333333333,832,-0.0104524679481983,0.3465625047683716,0.125,1.0
easy,833,833,277.66666666666663,833,-0.042574543505907,0.8200000524520874,0.75,1.0
easy,834,834,278.0,834,-0.0216859076172113,0.6181250214576721,0.5,1.0
easy,835,835,278.3333333333333,835,-0.0089181847870349,0.6168749928474426,0.5,0.5
easy,836,836,278.66666666666663,836,-0.0076376311480998,0.6190624833106995,0.5,1.0
easy,837,837,279.0,837,-0.0104476325213909,0.6131249666213989,0.5,0.4999999403953552
easy,838,838,279.3333333333333,838,-0.0675571709871292,0.7221875190734863,0.625,1.0
easy,839,839,279.66666666666663,839,0.0191425699740648,0.5453125238418579,0.375,1.0
easy,840,840,280.0,840,-0.0146914348006248,0.9165624976158142,0.875,0.5
easy,841,841,280.3333333333333,841,-0.0055529829114675,0.7353124618530273,0.625,1.0
easy,842,842,280.66666666666663,842,-0.0025835875421762,0.6215624809265137,0.5,0.9999999403953552
easy,843,843,281.0,843,-0.017755901440978,0.5346875190734863,0.375,0.9999999403953552
easy,844,844,281.3333333333333,844,-0.0146659929305315,0.9018750190734864,0.875,0.4999999403953552
easy,845,845,281.66666666666663,845,-0.0009587034583091,0.5021874904632568,0.375,1.0
easy,846,846,282.0,846,-0.0167906582355499,0.6193749904632568,0.5,1.0
easy,847,847,282.3333333333333,847,-0.0517788082361221,0.6540625095367432,0.5,1.0
easy,848,848,282.66666666666663,848,0.0142241604626178,0.5043749809265137,0.25,1.0
easy,849,849,283.0,849,-0.0067967250943183,0.9296875,0.875,0.5
easy,850,850,283.3333333333333,850,0.0065074395388364,0.8306249976158142,0.75,1.0
easy,851,851,283.66666666666663,851,0.0086031034588813,0.8590624928474426,0.75,0.4999999403953552
easy,852,852,284.0,852,-0.0,1.0,1.0,0.0
easy,853,853,284.3333333333333,853,-0.0057675745338201,0.915624976158142,0.875,0.5
easy,854,854,284.66666666666663,854,0.0043482966721057,0.2931249737739563,0.0,0.9999997615814208
easy,855,855,285.0,855,-0.0476504154503345,0.6034374833106995,0.375,0.9999998807907104
easy,856,856,285.3333333333333,856,-0.0128031559288501,0.8999999761581421,0.875,0.5
easy,857,857,285.66666666666663,857,0.0221878699958324,0.3540624976158142,0.125,1.0
easy,858,858,286.0,858,-0.0044807232916355,0.7915624976158142,0.625,1.0
easy,859,859,286.3333333333333,859,-0.0002754926681518,0.6278125047683716,0.5,0.5
easy,860,860,286.66666666666663,860,-0.041017360985279,0.8034374713897705,0.75,1.0
easy,861,861,287.0,861,-0.0,1.0,1.0,0.0
easy,862,862,287.3333333333333,862,-0.0163246020674705,0.5678125023841858,0.375,1.0
easy,863,863,287.66666666666663,863,-0.0097536109387874,0.4468749761581421,0.25,0.9999998807907104
easy,864,864,288.0,864,-0.0406392961740493,0.8106249570846558,0.75,0.5
easy,865,865,288.3333333333333,865,-0.039872258901596,0.9303125143051147,0.875,0.5
easy,866,866,288.66666666666663,866,-0.0018921121954917,0.7446874976158142,0.625,0.5
easy,867,867,289.0,867,0.0188250038772821,0.5928125381469727,0.375,1.0
easy,868,868,289.3333333333333,868,-0.0454809591174125,0.622499942779541,0.5,0.9999999403953552
easy,869,869,289.66666666666663,869,0.0121539123356342,0.6031249761581421,0.5,0.5
easy,870,870,290.0,870,-0.0057382248342037,0.6112500429153442,0.5,1.0
easy,871,871,290.3333333333333,871,-0.0162890888750553,0.7181249856948853,0.625,0.5
easy,872,872,290.66666666666663,872,-0.0497693195939064,0.7184375524520874,0.625,0.9999999403953552
easy,873,873,291.0,873,0.0005194228142499,0.8018749952316284,0.75,0.5
easy,874,874,291.3333333333333,874,-0.0502128712832927,0.6521874666213989,0.5,0.9999999403953552
easy,875,875,291.66666666666663,875,-0.0586847513914108,0.703125,0.625,1.0
easy,876,876,292.0,876,-0.0250825081020593,0.5803124904632568,0.375,1.0
easy,877,877,292.3333333333333,877,-0.0,1.0,1.0,0.0
easy,878,878,292.66666666666663,878,-0.0212184377014637,0.7634375095367432,0.625,1.0
easy,879,879,293.0,879,-0.0088466992601752,0.800000011920929,0.75,0.5
easy,880,880,293.3333333333333,880,-0.0056141950190067,0.5621874928474426,0.25,0.9999999403953552
easy,881,881,293.66666666666663,881,-0.0218462999910116,0.4637500047683716,0.25,1.0
easy,882,882,294.0,882,-0.0048132389783859,0.920312523841858,0.875,0.5
easy,883,883,294.3333333333333,883,-0.03139378875494,0.5546875,0.25,1.0
easy,884,884,294.66666666666663,884,0.0046924874186515,0.6262500286102295,0.5,0.5
easy,885,885,295.0,885,-0.0,1.0,1.0,0.0
easy,886,886,295.3333333333333,886,0.0012561418116092,0.6053125262260437,0.5,0.5000003576278687
easy,887,887,295.66666666666663,887,-0.012811804190278,0.4328125119209289,0.25,1.0
easy,888,888,296.0,888,-0.0077668782323598,0.8478125333786011,0.75,0.5
easy,889,889,296.3333333333333,889,-0.0049957185983657,0.6890625357627869,0.5,1.0
easy,890,890,296.66666666666663,890,-0.0089395008981227,0.3203125,0.125,1.0
easy,891,891,297.0,891,0.005830867215991,0.4000000059604645,0.25,0.5
easy,892,892,297.3333333333333,892,-0.0288679618388414,0.5496875047683716,0.375,1.0
easy,893,893,297.66666666666663,893,0.0002534873783588,0.7646875381469727,0.625,1.0
easy,894,894,298.0,894,-0.0183360651135444,0.7378125190734863,0.625,1.0
easy,895,895,298.3333333333333,895,-0.0364330261945724,0.6606249809265137,0.5,0.5
easy,896,896,298.66666666666663,896,-0.0149474665522575,0.5118749737739563,0.25,0.9999999403953552
easy,897,897,299.0,897,0.0043778792023658,0.4162499904632568,0.25,0.4999999701976776
easy,898,898,299.3333333333333,898,0.0218430273234844,0.8012499809265137,0.75,0.5
easy,899,899,299.66666666666663,899,-0.0389104075729846,0.3968749940395355,0.125,1.0
easy,900,900,300.0,900,-0.0008432399481534,0.3931249976158142,0.25,1.0
easy,901,901,300.3333333333333,901,-0.0352695807814598,0.3174999952316284,0.125,0.9999997615814208
easy,902,902,300.6666666666667,902,-0.0393366441130638,0.8278124928474426,0.75,0.4999999403953552
easy,903,903,301.0,903,0.0209157392382621,0.801562488079071,0.75,0.4999999701976776
easy,904,904,301.3333333333333,904,-0.0060295220464468,0.7237499952316284,0.625,0.4999999701976776
easy,905,905,301.6666666666667,905,0.0057388544082641,0.7309374809265137,0.625,0.5
easy,906,906,302.0,906,-0.0,1.0,1.0,0.0
easy,907,907,302.3333333333333,907,-9.077787399291992e-05,0.90625,0.875,0.5
easy,908,908,302.6666666666667,908,-0.0133588146418333,0.5353125333786011,0.25,1.0
easy,909,909,303.0,909,-0.0346399322152137,0.609375,0.5,1.0
easy,910,910,303.3333333333333,910,0.0026724636554718,0.7278125286102295,0.625,0.5
easy,911,911,303.6666666666667,911,-0.0111778751015663,0.9309375286102296,0.875,0.5
easy,912,912,304.0,912,-0.0150923877954483,0.907812476158142,0.875,0.5
easy,913,913,304.3333333333333,913,-0.0417412258684635,0.5643750429153442,0.375,0.9999999403953552
easy,914,914,304.6666666666667,914,-0.0657507628202438,0.6303125023841858,0.5,1.0
easy,915,915,305.0,915,-0.0,0.6000000238418579,0.5,0.0
easy,916,916,305.3333333333333,916,-0.0,1.0,1.0,0.0
easy,917,917,305.6666666666667,917,-0.0254851020872592,0.8340625166893005,0.75,0.4999999403953552
easy,918,918,306.0,918,-0.0393157452344894,0.6868749856948853,0.625,1.0
easy,919,919,306.3333333333333,919,0.0033370647579431,0.4699999690055847,0.125,0.9999998807907104
easy,920,920,306.6666666666667,920,-0.0307115279138088,0.901562511920929,0.875,0.5
easy,921,921,307.0,921,-0.0,1.0,1.0,0.0
easy,922,922,307.3333333333333,922,-0.0216456726193428,0.6690624952316284,0.5,0.5
easy,923,923,307.6666666666667,923,0.0187820270657539,0.800000011920929,0.75,0.5
easy,924,924,308.0,924,0.0159960202872753,0.8006249666213989,0.75,1.0
easy,925,925,308.3333333333333,925,-0.0170369073748588,0.3203125,0.125,1.0
easy,926,926,308.6666666666667,926,-0.0064314790070056,0.9159374833106996,0.875,0.5
easy,927,927,309.0,927,-0.0288925189524889,0.5021874904632568,0.375,0.9999998807907104
easy,928,928,309.3333333333333,928,0.00128651317209,0.6890624761581421,0.5,1.0
easy,929,929,309.6666666666667,929,0.0126528199762105,0.6190624833106995,0.5,0.5
easy,930,930,310.0,930,-0.0030125118792057,0.6056250333786011,0.5,0.5
easy,931,931,310.3333333333333,931,0.000357262790203,0.6081249713897705,0.5,0.5000002384185791
easy,932,932,310.6666666666667,932,-0.0314236097037792,0.6190624833106995,0.5,0.4999999403953552
easy,933,933,311.0,933,-0.0,1.0,1.0,0.0
easy,934,934,311.3333333333333,934,0.0078558474779129,0.846875011920929,0.75,0.5
easy,935,935,311.6666666666667,935,0.0003073215484619,0.699999988079071,0.625,0.5
easy,936,936,312.0,936,0.0154862906783819,0.6009374856948853,0.5,0.5
easy,937,937,312.3333333333333,937,0.0312887728214263,0.6187499761581421,0.5,1.0
easy,938,938,312.66666666666663,938,-0.0,1.0,1.0,0.0
easy,939,939,312.99999999999994,939,-0.0112523455172777,0.9034374952316284,0.875,0.5
easy,940,940,313.3333333333333,940,-0.0200211815536022,0.7403125166893005,0.625,0.4999999105930328
easy,941,941,313.66666666666663,941,-0.0073299258947372,0.7621874809265137,0.625,0.4999999403953552
easy,942,942,313.99999999999994,942,0.0175537504255771,0.8196874856948853,0.75,0.5
easy,943,943,314.3333333333333,943,-0.0062750447541475,0.921875,0.875,0.5
easy,944,944,314.66666666666663,944,-0.0079555492848157,0.9143750071525574,0.875,0.5
easy,945,945,314.99999999999994,945,0.0043608322739601,0.9140625,0.875,0.5
easy,946,946,315.3333333333333,946,-0.0048698745667934,0.6043750047683716,0.5,0.499999463558197
easy,947,947,315.66666666666663,947,-0.0368467271327972,0.5962499976158142,0.5,1.0
easy,948,948,315.99999999999994,948,-0.0273803118616342,0.9106249809265136,0.875,0.5
easy,949,949,316.3333333333333,949,-0.0151647292077541,0.6015625,0.5,0.5
easy,950,950,316.66666666666663,950,0.0021092444658279,0.8346874713897705,0.75,0.4999999403953552
easy,951,951,316.99999999999994,951,-0.0,1.0,1.0,0.0
easy,952,952,317.3333333333333,952,-0.0,1.0,1.0,0.0
easy,953,953,317.66666666666663,953,-0.0,1.0,1.0,0.0
easy,954,954,317.99999999999994,954,-0.0228032320737838,0.7400000095367432,0.625,0.9999999403953552
easy,955,955,318.3333333333333,955,-0.0022983774542808,0.9018750190734864,0.875,0.4999999403953552
easy,956,956,318.66666666666663,956,-0.016839550808072,0.7018749713897705,0.625,0.5
easy,957,957,318.99999999999994,957,-0.0,1.0,1.0,0.0
easy,958,958,319.3333333333333,958,-0.0,1.0,1.0,0.0
easy,959,959,319.66666666666663,959,-0.0139491707086563,0.6025000214576721,0.5,0.4999999701976776
easy,960,960,319.99999999999994,960,-0.0024560689926147,0.4237499833106994,0.25,1.0
easy,961,961,320.3333333333333,961,0.0039506889879703,0.8999999761581421,0.875,0.5
easy,962,962,320.66666666666663,962,0.0043841898441314,0.4268749952316284,0.25,0.4999999403953552
easy,963,963,320.99999999999994,963,-0.0344560071825981,0.823437511920929,0.75,0.4999999701976776
easy,964,964,321.3333333333333,964,0.0051434971392154,0.7518750429153442,0.625,1.0
easy,965,965,321.66666666666663,965,-0.0260602347552776,0.5256249904632568,0.375,0.9999999403953552
easy,966,966,322.0,966,-0.0497573018074035,0.6484375,0.5,0.4999999403953552
easy,967,967,322.3333333333333,967,-0.0174613203853368,0.7615624666213989,0.625,1.0
easy,968,968,322.66666666666663,968,-0.0,1.0,1.0,0.0
easy,969,969,323.0,969,-0.0188227258622646,0.7178125381469727,0.625,0.5
easy,970,970,323.3333333333333,970,-0.0071251392364501,0.9003124833106995,0.875,0.5
easy,971,971,323.66666666666663,971,-0.0297269206494092,0.8381249904632568,0.75,1.0
easy,972,972,324.0,972,0.0005906783044338,0.7478125095367432,0.625,0.4999999403953552
easy,973,973,324.3333333333333,973,-0.0085594952106475,0.8575000166893005,0.75,1.0
easy,974,974,324.66666666666663,974,-0.0011788178235292,0.2206249982118606,0.0,0.9999999403953552
easy,975,975,325.0,975,-0.0200457070022821,0.6034374833106995,0.5,0.4999998807907104
easy,976,976,325.3333333333333,976,-0.013249123468995,0.9309375286102296,0.875,0.5
easy,977,977,325.66666666666663,977,-0.0083435978740453,0.8440625071525574,0.75,0.4999999701976776
easy,978,978,326.0,978,0.0012491606175899,0.5584374666213989,0.375,1.0
easy,979,979,326.3333333333333,979,-0.015856496989727,0.8999999761581421,0.875,0.5
easy,980,980,326.66666666666663,980,-0.0105787515640258,0.6384375095367432,0.5,0.5000002384185791
easy,981,981,327.0,981,-0.0104918852448463,0.9021874666213988,0.875,0.4999999403953552
easy,982,982,327.3333333333333,982,-0.0144008621573448,0.6893750429153442,0.5,1.0
easy,983,983,327.66666666666663,983,-0.0300201997160911,0.6040624976158142,0.375,0.9999999403953552
easy,984,984,328.0,984,-0.0317697338759899,0.6324999928474426,0.5,0.9999999403953552
easy,985,985,328.3333333333333,985,-0.0161021240055561,0.9018750190734864,0.875,0.4999999403953552
easy,986,986,328.66666666666663,986,-0.0,1.0,1.0,0.0
easy,987,987,329.0,987,-0.0188912227749824,0.5140625238418579,0.375,1.0
easy,988,988,329.3333333333333,988,0.0045572500675916,0.4440625309944153,0.25,1.0
easy,989,989,329.66666666666663,989,-0.0,1.0,1.0,0.0
easy,990,990,330.0,990,-0.0091510526835918,0.2528125047683716,0.0,0.9999997615814208
easy,991,991,330.3333333333333,991,-0.0172827020287513,0.5412499904632568,0.375,1.0
easy,992,992,330.66666666666663,992,-0.0334110483527183,0.8075000047683716,0.75,1.0
easy,993,993,331.0,993,-0.0129309929907321,0.5199999809265137,0.375,1.0
easy,994,994,331.3333333333333,994,-0.0794666334986686,0.590624988079071,0.5,0.4999999403953552
easy,995,995,331.66666666666663,995,0.0099161807447671,0.4824999868869781,0.25,0.9999999403953552
easy,996,996,332.0,996,-0.0533034056425094,0.4912500381469726,0.25,1.0
easy,997,997,332.3333333333333,997,-0.0189589746296405,0.6484375,0.5,0.5
easy,998,998,332.66666666666663,998,-0.0279024560004472,0.7915624976158142,0.625,0.5
easy,999,999,333.0,999,-0.027258425951004,0.9200000166893004,0.875,0.5
easy,1000,1000,333.3333333333333,1000,0.0047940649092197,0.9300000071525574,0.875,0.5
medium,1,1001,333.66666666666663,1,-0.02980044670403,0.4328124821186065,0.25,1.0
medium,2,1002,334.0,2,-0.0085653439164161,0.2018750011920929,0.0,0.5
medium,3,1003,334.3333333333333,3,0.0072437021881341,0.2693749964237213,0.0,1.0
medium,4,1004,334.66666666666663,4,-0.0515063367784023,0.3434374928474426,0.125,1.0
medium,5,1005,335.0,5,0.0125250406563282,0.3228124976158142,0.125,0.9999999403953552
medium,6,1006,335.3333333333333,6,0.0556766912341117,0.2175000011920929,0.0,1.0
medium,7,1007,335.66666666666663,7,-0.0167010221630334,0.4171875119209289,0.25,1.0
medium,8,1008,336.0,8,0.0011505149304866,0.4168750047683716,0.25,0.9999999403953552
medium,9,1009,336.3333333333333,9,-0.0427413582801818,0.5003125071525574,0.375,1.0
medium,10,1010,336.66666666666663,10,-0.0169020630419254,0.3371874988079071,0.125,0.4999999403953552
medium,11,1011,337.0,11,-0.0312846004962921,0.1990624964237213,0.0,1.0
medium,12,1012,337.3333333333333,12,-0.0081868441775441,0.8537499904632568,0.75,0.5
medium,13,1013,337.66666666666663,13,-0.0148321688175201,0.4321874976158142,0.25,0.5
medium,14,1014,338.0,14,0.0191784538328647,0.7421875,0.625,0.5
medium,15,1015,338.3333333333333,15,-0.0233076009899377,0.8359375,0.75,1.0
medium,16,1016,338.66666666666663,16,-0.0508713833987712,0.3493750095367431,0.125,0.9999999403953552
medium,17,1017,339.0,17,0.0350733958184719,0.2065624892711639,0.0,0.9999997615814208
medium,18,1018,339.3333333333333,18,-0.061778824776411,0.5862500071525574,0.375,1.0
medium,19,1019,339.66666666666663,19,0.0048217065632343,0.2093749940395355,0.0,1.0
medium,20,1020,340.0,20,-0.0004573948681354,0.3824999928474426,0.125,0.9999999403953552
medium,21,1021,340.3333333333333,21,-0.0140560306608676,0.3243749737739563,0.0,1.0
medium,22,1022,340.66666666666663,22,0.0114242620766162,0.3384374976158142,0.125,1.0
medium,23,1023,341.0,23,-0.03361576795578,0.2565625011920929,0.125,0.9999999403953552
medium,24,1024,341.3333333333333,24,-0.0210098791867494,0.4353125095367431,0.25,1.0
medium,25,1025,341.66666666666663,25,-0.0352475829422473,0.6000000238418579,0.5,1.0
medium,26,1026,342.0,26,-0.0,0.6000000238418579,0.5,0.0
medium,27,1027,342.3333333333333,27,0.0276388749480247,0.2568750083446502,0.0,1.0
medium,28,1028,342.66666666666663,28,-0.0370523445308208,0.2318750023841858,0.0,0.9999998211860656
medium,29,1029,343.0,29,-0.0098698958754539,0.3253124952316284,0.125,0.9999998807907104
medium,30,1030,343.3333333333333,30,-0.0001884251832962,0.4287500083446502,0.25,1.0
medium,31,1031,343.66666666666663,31,-0.0277348943054676,0.6021875143051147,0.5,1.0
medium,32,1032,344.0,32,-0.002890832722187,0.6081249713897705,0.5,0.5
medium,33,1033,344.3333333333333,33,-0.0027557145804166,0.526562511920929,0.375,1.0
medium,34,1034,344.66666666666663,34,-0.0051636043936014,0.2296875119209289,0.0,0.5
medium,35,1035,345.0,35,-0.0110901817679405,0.6037499904632568,0.5,1.0
medium,36,1036,345.3333333333333,36,-0.0552840717136859,0.5049999952316284,0.375,1.0
medium,37,1037,345.66666666666663,37,0.0115777207538485,0.5062500238418579,0.375,1.000000238418579
medium,38,1038,346.0,38,-0.0143124461174011,0.1959374994039535,0.0,1.0
medium,39,1039,346.3333333333333,39,-0.0273771733045578,0.71875,0.625,1.0
medium,40,1040,346.66666666666663,40,-0.0125890374183654,0.7256250381469727,0.625,1.0
medium,41,1041,347.0,41,-0.0121289817616343,0.491875022649765,0.25,1.0
medium,42,1042,347.3333333333333,42,-0.0558713264763355,0.213125005364418,0.0,1.0
medium,43,1043,347.66666666666663,43,-0.0153173394501209,0.6318750381469727,0.5,0.5
medium,44,1044,348.0,44,0.0002340171486139,0.5146875381469727,0.375,0.5
medium,45,1045,348.3333333333333,45,-0.0091143734753131,0.2737500071525574,0.0,0.5
medium,46,1046,348.66666666666663,46,0.0179296173155307,0.2621874809265136,0.0,1.0
medium,47,1047,349.0,47,-0.0024565085768699,0.2371875047683715,0.0,0.5
medium,48,1048,349.3333333333333,48,0.0334897153079509,0.3196874856948852,0.0,1.0
medium,49,1049,349.66666666666663,49,0.0192706957459449,0.5649999976158142,0.375,1.0
medium,50,1050,350.0,50,0.0032397173345088,0.205312505364418,0.0,0.9999998807907104
medium,51,1051,350.3333333333333,51,-0.0542412586510181,0.4587500095367431,0.25,1.0
medium,52,1052,350.66666666666663,52,0.0161138977855443,0.3365625143051147,0.0,1.0
medium,53,1053,351.0,53,0.0202363580465316,0.2868750095367431,0.0,0.5
medium,54,1054,351.3333333333333,54,-0.0063410140573978,0.4562499821186065,0.25,0.9999998807907104
medium,55,1055,351.66666666666663,55,0.0251956116408109,0.3340625166893005,0.25,1.0
medium,56,1056,352.0,56,-0.0353464484214782,0.5037499666213989,0.375,1.0
medium,57,1057,352.3333333333333,57,-0.0152502618730068,0.4000000059604645,0.25,0.5
medium,58,1058,352.66666666666663,58,0.0469331741333007,0.2637499868869781,0.0,1.0
medium,59,1059,353.0,59,-0.0146180465817451,0.4328124821186065,0.25,0.5
medium,60,1060,353.3333333333333,60,-0.0381526201963424,0.5668749809265137,0.375,1.0
medium,61,1061,353.66666666666663,61,-0.0160938687622547,0.699999988079071,0.625,0.5
medium,62,1062,354.0,62,-0.0012012310326099,0.34375,0.125,0.9999998807907104
medium,63,1063,354.3333333333333,63,-0.0038993898779153,0.2409375011920929,0.0,0.9999999403953552
medium,64,1064,354.66666666666663,64,-0.0,1.0,1.0,0.0
medium,65,1065,355.0,65,0.0381413102149963,0.3650000095367431,0.125,1.0
medium,66,1066,355.3333333333333,66,-0.0670246258378028,0.4931249916553497,0.25,1.0
medium,67,1067,355.66666666666663,67,-0.0362311154603958,0.5568749904632568,0.375,0.9999998211860656
medium,68,1068,356.0,68,-0.0158696919679641,0.6468750238418579,0.5,0.5
medium,69,1069,356.3333333333333,69,-0.0154837816953659,0.5068750381469727,0.375,0.5
medium,70,1070,356.66666666666663,70,-0.006614189594984,0.3256250023841858,0.125,0.9999998807907104
medium,71,1071,357.0,71,0.0082948375493288,0.512499988079071,0.375,1.0
medium,72,1072,357.3333333333333,72,0.0401600152254104,0.2331250011920929,0.0,1.0
medium,73,1073,357.66666666666663,73,0.0033130794763565,0.606249988079071,0.5,0.5000001788139343
medium,74,1074,358.0,74,-0.0367763489484787,0.2393749952316284,0.0,0.5
medium,75,1075,358.3333333333333,75,-0.0483289808034896,0.4221875071525574,0.25,1.0
medium,76,1076,358.66666666666663,76,0.0076626688241958,0.5306249856948853,0.375,0.9999998211860656
medium,77,1077,359.0,77,-0.0214695408940315,0.2040624916553497,0.0,0.5
medium,78,1078,359.3333333333333,78,0.0040139649063348,0.635937511920929,0.5,0.5
medium,79,1079,359.66666666666663,79,-0.0474346876144409,0.5821875333786011,0.375,0.9999999403953552
medium,80,1080,360.0,80,0.0273874960839748,0.2028124928474426,0.0,0.9999997615814208
medium,81,1081,360.3333333333333,81,-0.0219702906906604,0.4787500202655792,0.375,1.0
medium,82,1082,360.66666666666663,82,-0.010033831000328,0.5634374618530273,0.375,0.9999999403953552
medium,83,1083,361.0,83,-0.0176369808614254,0.6843750476837158,0.5,1.0
medium,84,1084,361.3333333333333,84,0.0077634826302528,0.4350000023841858,0.25,1.0
medium,85,1085,361.66666666666663,85,-0.0125210732221603,0.5384374856948853,0.375,1.0
medium,86,1086,362.0,86,-0.0317694768309593,0.4209375083446502,0.25,1.0
medium,87,1087,362.3333333333333,87,-0.0301902536302804,0.3290625214576721,0.125,1.0
medium,88,1088,362.66666666666663,88,0.0336003452539444,0.3743750154972076,0.125,1.0
medium,89,1089,363.0,89,-0.0199621655046939,0.800000011920929,0.75,0.5
medium,90,1090,363.3333333333333,90,-0.0002589765936136,0.5190625190734863,0.375,0.4999999403953552
medium,91,1091,363.66666666666663,91,-0.0328107923269271,0.2818749845027923,0.125,1.0
medium,92,1092,364.0,92,0.016256645321846,0.2659375071525574,0.0,1.0
medium,93,1093,364.3333333333333,93,-0.0476984828710556,0.4528124928474426,0.125,0.5
medium,94,1094,364.66666666666663,94,-0.0153992809355258,0.715624988079071,0.625,0.5
medium,95,1095,365.0,95,0.0050119664520025,0.4793750047683716,0.25,0.9999999403953552
medium,96,1096,365.3333333333333,96,-0.0103792808949947,0.503125011920929,0.375,1.0
medium,97,1097,365.66666666666663,97,-0.0296822190284729,0.3321875035762787,0.125,0.9999998807907104
medium,98,1098,366.0,98,-0.0436066724359989,0.3790624737739563,0.125,0.9999999403953552
medium,99,1099,366.3333333333333,99,-0.0009881183505058,0.28125,0.0,1.0
medium,100,1100,366.66666666666663,100,-0.0223967656493186,0.5146875381469727,0.375,1.0
medium,101,1101,367.0,101,-0.029457040131092,0.6381250023841858,0.5,0.5
medium,102,1102,367.3333333333333,102,-0.0423290729522705,0.2831250131130218,0.0,1.0
medium,103,1103,367.66666666666663,103,-0.0289460401982069,0.6243749856948853,0.5,0.5
medium,104,1104,368.0,104,0.0489821881055831,0.4559375047683716,0.25,1.0
medium,105,1105,368.3333333333333,105,-0.0176457129418849,0.7403125166893005,0.625,0.4999998807907104
medium,106,1106,368.66666666666663,106,0.0044961161911487,0.2003124952316284,0.0,1.0
medium,107,1107,369.0,107,-0.0113012101501226,0.2534374892711639,0.0,0.9999998211860656
medium,108,1108,369.3333333333333,108,-0.0045360717922449,0.2918750047683716,0.125,0.9999999403953552
medium,109,1109,369.66666666666663,109,-0.0023274645209312,0.2318750023841858,0.0,1.0
medium,110,1110,370.0,110,-0.0582049526274204,0.3893750309944153,0.25,1.0
medium,111,1111,370.3333333333333,111,-0.0029193386435508,0.5371875166893005,0.375,1.0
medium,112,1112,370.66666666666663,112,-0.0065652877092361,0.3046875,0.125,1.0
medium,113,1113,371.0,113,-0.0219502449035644,0.3512499928474426,0.125,1.0
medium,114,1114,371.3333333333333,114,-0.0143467858433723,0.6100000143051147,0.5,0.4999999403953552
medium,115,1115,371.66666666666663,115,-0.0029229987412691,0.8999999761581421,0.875,0.5
medium,116,1116,372.0,116,-0.0382750481367111,0.5900000333786011,0.5,0.4999999403953552
medium,117,1117,372.3333333333333,117,-0.0104535929858684,0.7868750095367432,0.625,0.4999999105930328
medium,118,1118,372.66666666666663,118,-0.0317965708673,0.1931250095367431,0.0,1.0
medium,119,1119,373.0,119,-0.0010665170848369,0.6012499928474426,0.5,0.5
medium,120,1120,373.3333333333333,120,-0.0232307538390159,0.4906250238418579,0.25,0.9999999403953552
medium,121,1121,373.66666666666663,121,-0.0480697639286518,0.234375,0.0,0.9999998807907104
medium,122,1122,374.0,122,0.0308362990617752,0.6506249904632568,0.5,1.0
medium,123,1123,374.3333333333333,123,-0.0528544262051582,0.6040624976158142,0.5,0.9999998807907104
medium,124,1124,374.66666666666663,124,-0.0095935314893722,0.4234374761581421,0.125,0.9999998807907104
medium,125,1125,375.0,125,-0.0079831797629594,0.5149999856948853,0.25,1.0000003576278689
medium,126,1126,375.3333333333333,126,-0.0627868697047233,0.5024999976158142,0.375,0.9999999403953552
medium,127,1127,375.66666666666663,127,-0.0,0.6000000238418579,0.5,0.0
medium,128,1128,376.0,128,-0.0266372188925743,0.5946875214576721,0.5,0.4999999403953552
medium,129,1129,376.3333333333333,129,-0.008968036621809,0.6143749952316284,0.5,0.4999999403953552
medium,130,1130,376.66666666666663,130,0.0117205549031496,0.4443750083446502,0.25,1.000000238418579
medium,131,1131,377.0,131,0.0192154273390769,0.2378125041723251,0.0,1.0
medium,132,1132,377.3333333333333,132,-0.0225065797567367,0.2693749964237213,0.0,1.0
medium,133,1133,377.66666666666663,133,-0.0031483992934226,0.4434374868869781,0.25,0.9999999403953552
medium,134,1134,378.0,134,0.0004943273961544,0.4046874940395355,0.125,0.4999999105930328
medium,135,1135,378.3333333333333,135,-0.0137825012207031,0.4415625035762787,0.25,1.0
medium,136,1136,378.66666666666663,136,-0.0124153047800064,0.3237500190734863,0.125,1.0
medium,137,1137,379.0,137,-0.0097693391144275,0.6059374809265137,0.5,0.5
medium,138,1138,379.3333333333333,138,0.0088974609971046,0.2240625023841858,0.0,1.0
medium,139,1139,379.66666666666663,139,-0.0093296691775321,0.3512499928474426,0.0,0.9999998807907104
medium,140,1140,380.0,140,-0.0364024937152862,0.2925000190734863,0.0,1.0
medium,141,1141,380.3333333333333,141,0.0259202979505062,0.3256250023841858,0.0,1.0
medium,142,1142,380.66666666666663,142,-0.0,0.6000000238418579,0.5,0.0
medium,143,1143,381.0,143,-0.0162136442959308,0.7053124904632568,0.625,0.9999999403953552
medium,144,1144,381.3333333333333,144,-0.0074083395302295,0.3149999976158142,0.125,1.0
medium,145,1145,381.66666666666663,145,-0.0186411999166011,0.7134374976158142,0.625,1.0
medium,146,1146,382.0,146,-0.0077610202133655,0.3531250059604645,0.125,0.5
medium,147,1147,382.3333333333333,147,-0.0247037429362535,0.4412499964237213,0.25,0.9999999403953552
medium,148,1148,382.66666666666663,148,-0.0361831411719322,0.2562500238418579,0.0,0.9999999403953552
medium,149,1149,383.0,149,-0.0336433611810207,0.1825000047683715,0.0,1.0
medium,150,1150,383.3333333333333,150,-0.0058469828218221,0.453125,0.25,0.9999999403953552
medium,151,1151,383.66666666666663,151,-0.0031485520303249,0.3084374964237213,0.125,0.5
medium,152,1152,384.0,152,0.014639925211668,0.3031249940395355,0.0,1.0
medium,153,1153,384.3333333333333,153,-0.0155041925609111,0.4065625071525574,0.25,1.0
medium,154,1154,384.66666666666663,154,-0.0200124979019165,0.2303124964237213,0.0,1.0
medium,155,1155,385.0,155,0.0049987956881523,0.1784375011920929,0.0,0.4999999701976776
medium,156,1156,385.3333333333333,156,-0.0279836654663085,0.4049999713897705,0.25,1.0
medium,157,1157,385.66666666666663,157,-0.0286741368472576,0.6396875381469727,0.5,0.5
medium,158,1158,386.0,158,-0.0336562879383564,0.6493750214576721,0.5,1.0
medium,159,1159,386.3333333333333,159,0.0154595151543617,0.6012499928474426,0.5,0.5
medium,160,1160,386.66666666666663,160,-0.0163604617118835,0.6478124856948853,0.5,0.5
medium,161,1161,387.0,161,0.0005652196705341,0.2846874892711639,0.0,1.0
medium,162,1162,387.3333333333333,162,-0.0175993125885725,0.5965625047683716,0.5,0.9999999403953552
medium,163,1163,387.66666666666663,163,-0.0208784323185682,0.3321874737739563,0.125,0.9999999403953552
medium,164,1164,388.0,164,-0.0214425045996904,0.2112500071525573,0.0,0.9999998807907104
medium,165,1165,388.3333333333333,165,-0.0785370469093322,0.5465624928474426,0.25,1.0
medium,166,1166,388.66666666666663,166,0.0384493842720985,0.5337499976158142,0.5,0.5
medium,167,1167,389.0,167,0.0066918395459651,0.2375000119209289,0.0,0.4999999403953552
medium,168,1168,389.3333333333333,168,-0.0054498761892318,0.5431249737739563,0.375,0.9999999403953552
medium,169,1169,389.66666666666663,169,-0.0107448659837245,0.2690625190734863,0.0,1.0
medium,170,1170,390.0,170,-0.0099168233573436,0.3274999856948852,0.125,0.9999999403953552
medium,171,1171,390.3333333333333,171,-0.0467886552214622,0.3224999904632568,0.125,1.0
medium,172,1172,390.66666666666663,172,-0.0145475398749113,0.2412500083446502,0.0,1.0
medium,173,1173,391.0,173,-0.0294566247612237,0.8359375,0.75,1.0
medium,174,1174,391.3333333333333,174,-0.0010112356394529,0.4909375011920929,0.25,1.0
medium,175,1175,391.66666666666663,175,0.0315243378281593,0.2671874761581421,0.0,1.0
medium,176,1176,392.0,176,0.0320687741041183,0.6681249737739563,0.5,0.9999999403953552
medium,177,1177,392.3333333333333,177,-0.0402490720152854,0.5837500095367432,0.375,0.9999999403953552
medium,178,1178,392.66666666666663,178,-0.0151125192642211,0.4406250119209289,0.25,1.0
medium,179,1179,393.0,179,-0.0060916598886251,0.3534375131130218,0.25,1.0
medium,180,1180,393.3333333333333,180,-0.0363266132771968,0.5440624952316284,0.375,1.0
medium,181,1181,393.66666666666663,181,-0.0094859153032302,0.8046875,0.75,0.4999999701976776
medium,182,1182,394.0,182,-0.0505784526467323,0.5581250190734863,0.375,1.0
medium,183,1183,394.3333333333333,183,-0.010187741369009,0.8999999761581421,0.875,0.5
medium,184,1184,394.66666666666663,184,-0.0545167699456214,0.7043750286102295,0.625,1.0
medium,185,1185,395.0,185,-0.1600396186113357,0.2990624904632568,0.0,0.9999997615814208
medium,186,1186,395.3333333333333,186,0.0035045817494392,0.3078125119209289,0.125,0.5
medium,187,1187,395.66666666666663,187,-0.002382893115282,0.8999999761581421,0.875,0.5
medium,188,1188,396.0,188,0.0142333582043647,0.3181250095367431,0.0,1.0000001192092896
medium,189,1189,396.3333333333333,189,-0.0501064956188201,0.3499999940395355,0.125,1.0
medium,190,1190,396.66666666666663,190,-0.0435068868100643,0.3959375023841858,0.125,1.0
medium,191,1191,397.0,191,-0.0445849895477294,0.800000011920929,0.75,0.5
medium,192,1192,397.3333333333333,192,-0.038582656532526,0.7087500095367432,0.625,0.9999999403953552
medium,193,1193,397.66666666666663,193,-0.0158070307224988,0.5412499904632568,0.375,1.0
medium,194,1194,398.0,194,-0.0204696916043758,0.4559375047683716,0.25,1.0
medium,195,1195,398.3333333333333,195,0.00460085272789,0.2062500119209289,0.0,1.0
medium,196,1196,398.66666666666663,196,0.0194105524569749,0.1815624982118606,0.0,1.0
medium,197,1197,399.0,197,-0.0051412284374237,0.3431249856948852,0.125,0.9999998807907104
medium,198,1198,399.3333333333333,198,0.0192152187228202,0.3496874868869781,0.125,0.4999999403953552
medium,199,1199,399.66666666666663,199,-0.0317950248718261,0.5093749761581421,0.375,1.0
medium,200,1200,400.0,200,-0.0666598975658416,0.5762500166893005,0.5,0.9999999403953552
medium,201,1201,400.3333333333333,201,-0.0119671002030372,0.4278124868869781,0.25,0.9999998807907104
medium,202,1202,400.66666666666663,202,-0.0422348752617836,0.2418750077486038,0.0,0.9999999403953552
medium,203,1203,401.0,203,-0.0208916664123535,0.2328124940395355,0.0,1.0
medium,204,1204,401.3333333333333,204,0.0147450864315032,0.3968750238418579,0.125,1.0
medium,205,1205,401.66666666666663,205,-0.0035940110683441,0.9006249904632568,0.875,0.5
medium,206,1206,402.0,206,0.0086659044027328,0.7040624618530273,0.625,1.0
medium,207,1207,402.3333333333333,207,-0.0,0.6000000238418579,0.5,0.0
medium,208,1208,402.66666666666663,208,-0.0208634417504072,0.5115624666213989,0.375,1.0
medium,209,1209,403.0,209,-0.0005997000262141,0.6256250143051147,0.5,0.9999999403953552
medium,210,1210,403.3333333333333,210,-0.0559078119695186,0.7253124713897705,0.625,0.9999998807907104
medium,211,1211,403.66666666666663,211,0.0393593236804008,0.3000000119209289,0.0,1.0
medium,212,1212,404.0,212,0.0222987476736307,0.4540625214576721,0.125,1.0
medium,213,1213,404.3333333333333,213,0.0185591876506805,0.6681250333786011,0.5,0.5
medium,214,1214,404.66666666666663,214,-0.0032981894910335,0.4703124761581421,0.25,1.0
medium,215,1215,405.0,215,0.0158134065568447,0.5012500286102295,0.375,1.0
medium,216,1216,405.3333333333333,216,0.0058575570583343,0.5331250429153442,0.375,1.0
medium,217,1217,405.66666666666663,217,-0.0137792751193046,0.2943750023841858,0.0,0.5
medium,218,1218,406.0,218,-0.0153130386024713,0.6006249785423279,0.5,1.0
medium,219,1219,406.3333333333333,219,0.03247981518507,0.3678124845027923,0.125,1.0
medium,220,1220,406.66666666666663,220,0.0012533441185951,0.5356249809265137,0.375,0.9999999403953552
medium,221,1221,407.0,221,-0.017222449183464,0.6393749713897705,0.5,0.4999999701976776
medium,222,1222,407.3333333333333,222,0.0252526104450225,0.6568750143051147,0.5,0.5000000596046448
medium,223,1223,407.66666666666663,223,-0.021519511938095,0.7556250095367432,0.625,0.5
medium,224,1224,408.0,224,0.0094434544444084,0.2874999940395355,0.0,0.5
medium,225,1225,408.3333333333333,225,0.0032978951930999,0.5434374809265137,0.375,0.9999999403953552
medium,226,1226,408.66666666666663,226,-0.0164047442376613,0.2693749964237213,0.0,1.0
medium,227,1227,409.0,227,0.0515290796756744,0.3515625,0.125,1.000000238418579
medium,228,1228,409.3333333333333,228,-0.0174493957310915,0.3606249690055847,0.125,1.0
medium,229,1229,409.66666666666663,229,0.000847790390253,0.5587500333786011,0.375,1.0
medium,230,1230,410.0,230,-0.036712072789669,0.2993749976158142,0.0,1.0000001192092896
medium,231,1231,410.3333333333333,231,-0.0025703236460685,0.7221875190734863,0.625,0.4999999701976776
medium,232,1232,410.66666666666663,232,-0.0345785096287727,0.3115625083446502,0.125,0.9999998807907104
medium,233,1233,411.0,233,0.0046253688633441,0.2193749994039535,0.0,0.9999998211860656
medium,234,1234,411.3333333333333,234,0.0049974024295806,0.3924999833106994,0.125,1.0
medium,235,1235,411.66666666666663,235,0.0028530284762382,0.6103125214576721,0.5,0.5
medium,236,1236,412.0,236,0.0333384573459625,0.53125,0.25,0.5
medium,237,1237,412.3333333333333,237,-0.0349752157926559,0.4081250131130218,0.25,1.0
medium,238,1238,412.66666666666663,238,-0.0119268000125885,0.3937500119209289,0.25,1.0
medium,239,1239,413.0,239,-0.0508828647434711,0.3159375190734863,0.125,0.9999999403953552
medium,240,1240,413.3333333333333,240,0.0024959836155176,0.3306249976158142,0.125,1.0
medium,241,1241,413.66666666666663,241,-0.0160129815340042,0.5384374856948853,0.375,1.0
medium,242,1242,414.0,242,-0.0166849792003631,0.375,0.125,0.9999999403953552
medium,243,1243,414.3333333333333,243,0.0320476293563842,0.2403124868869781,0.0,1.0
medium,244,1244,414.66666666666663,244,-0.097299613058567,0.3771875202655792,0.25,1.0
medium,245,1245,415.0,245,-0.013430243358016,0.6018750071525574,0.5,1.0
medium,246,1246,415.3333333333333,246,-0.0264612212777137,0.2340625077486038,0.0,1.0
medium,247,1247,415.66666666666663,247,0.0171110928058624,0.6537500023841858,0.5,0.5
medium,248,1248,416.0,248,0.0079396069049835,0.8224999904632568,0.75,0.5
medium,249,1249,416.3333333333333,249,-0.0060221161693334,0.5628125071525574,0.375,1.0
medium,250,1250,416.66666666666663,250,-0.0069259218871593,0.6600000262260437,0.5,1.0
medium,251,1251,417.0,251,-0.0010426640510559,0.8112499713897705,0.75,1.0
medium,252,1252,417.3333333333333,252,-0.0196354798972606,0.4596875011920929,0.25,0.5
medium,253,1253,417.66666666666663,253,0.0084993727505207,0.2218749970197677,0.0,0.9999998807907104
medium,254,1254,418.0,254,0.0036744885146617,0.5143749713897705,0.375,1.0
medium,255,1255,418.3333333333333,255,-0.016919020563364,0.4203125238418579,0.25,1.0
medium,256,1256,418.66666666666663,256,-0.0356793478131294,0.6756249666213989,0.5,0.9999999403953552
medium,257,1257,419.0,257,-0.0037811920046806,0.6187499761581421,0.5,0.4999999701976776
medium,258,1258,419.3333333333333,258,-0.0481039136648178,0.7599999904632568,0.625,1.0
medium,259,1259,419.66666666666663,259,0.0157445594668388,0.5159375071525574,0.375,1.0
medium,260,1260,420.0,260,-0.0203754417598247,0.5253124833106995,0.375,0.9999998807907104
medium,261,1261,420.3333333333333,261,-0.0031012203544378,0.3424999713897705,0.125,1.0
medium,262,1262,420.66666666666663,262,-0.0043249875307083,0.3546874821186065,0.125,0.9999998807907104
medium,263,1263,421.0,263,-0.027022685855627,0.5971875190734863,0.375,1.0
medium,264,1264,421.3333333333333,264,0.0645967125892639,0.2431249916553497,0.0,1.0
medium,265,1265,421.66666666666663,265,0.0136965066194534,0.620312511920929,0.5,0.5
medium,266,1266,422.0,266,0.0078867599368095,0.5346875190734863,0.375,1.0
medium,267,1267,422.3333333333333,267,0.0052423365414142,0.2365624904632568,0.0,0.5
medium,268,1268,422.66666666666663,268,0.0342003293335437,0.6309375166893005,0.5,0.5
medium,269,1269,423.0,269,0.0253237001597881,0.6059374809265137,0.5,0.5
medium,270,1270,423.3333333333333,270,-0.0249285101890563,0.7571874856948853,0.625,0.9999999403953552
medium,271,1271,423.66666666666663,271,-0.0350409038364887,0.7096874713897705,0.625,1.0
medium,272,1272,424.0,272,-0.020268116146326,0.3125,0.125,0.5
medium,273,1273,424.3333333333333,273,-0.0219791568815708,0.9271875023841858,0.875,0.5
medium,274,1274,424.66666666666663,274,-0.0179672762751579,0.6056250333786011,0.5,0.5
medium,275,1275,425.0,275,-0.0282680001109838,0.4399999976158142,0.25,1.0
medium,276,1276,425.3333333333333,276,-0.0181425660848617,0.3096874952316284,0.125,1.0000001192092896
medium,277,1277,425.66666666666663,277,-0.0115343853831291,0.21875,0.0,0.5
medium,278,1278,426.0,278,-0.0217380374670028,0.6184375286102295,0.5,0.5
medium,279,1279,426.3333333333333,279,-0.0,1.0,1.0,0.0
medium,280,1280,426.66666666666663,280,-0.0,1.0,1.0,0.0
medium,281,1281,427.0,281,-0.0391544140875339,0.3462499976158142,0.125,1.0
medium,282,1282,427.3333333333333,282,0.0172812808305025,0.3218749761581421,0.0,0.9999999403953552
medium,283,1283,427.66666666666663,283,-0.009835997596383,0.8181250095367432,0.75,0.4999999403953552
medium,284,1284,428.0,284,-0.0529770366847515,0.2718749940395355,0.0,0.9999998807907104
medium,285,1285,428.3333333333333,285,-0.0035790875554084,0.7400000095367432,0.625,0.5
medium,286,1286,428.66666666666663,286,-0.0038617700338363,0.5850000381469727,0.375,1.0
medium,287,1287,429.0,287,0.013377096503973,0.6153125166893005,0.375,1.0
medium,288,1288,429.3333333333333,288,0.0132987909018993,0.4181250035762787,0.125,1.0
medium,289,1289,429.66666666666663,289,0.0258779861032962,0.4803124964237213,0.25,1.0
medium,290,1290,430.0,290,-0.0216436982154846,0.6225000023841858,0.5,0.5
medium,291,1291,430.3333333333333,291,-0.0010161530226469,0.5418750047683716,0.375,1.0
medium,292,1292,430.66666666666663,292,0.0054537802934646,0.6096875071525574,0.5,0.5000001788139343
medium,293,1293,431.0,293,-0.0221393574029207,0.3387500047683716,0.0,0.4999999403953552
medium,294,1294,431.3333333333333,294,-0.0731149464845657,0.5428124666213989,0.375,1.0
medium,295,1295,431.66666666666663,295,0.0155488923192024,0.4162499904632568,0.25,1.0
medium,296,1296,432.0,296,0.0114532709121704,0.2012500017881393,0.0,0.5
medium,297,1297,432.3333333333333,297,0.0157183706760406,0.4365624785423279,0.25,1.0
medium,298,1298,432.66666666666663,298,0.0165702998638153,0.3453125059604645,0.125,0.9999998807907104
medium,299,1299,433.0,299,-0.026966106146574,0.4490624964237213,0.25,1.0
medium,300,1300,433.3333333333333,300,-0.019353300333023,0.2106249928474426,0.0,0.9999999403953552
medium,301,1301,433.66666666666663,301,-0.0414076596498489,0.2706249952316284,0.0,1.0
medium,302,1302,434.0,302,-0.0445292517542839,0.1865625083446502,0.0,1.0
medium,303,1303,434.3333333333333,303,-0.0420427098870277,0.6525000333786011,0.625,1.0
medium,304,1304,434.66666666666663,304,-0.0276707373559474,0.4387499988079071,0.25,1.0
medium,305,1305,435.0,305,-0.0481892228126525,0.2228125035762787,0.0,1.0000001192092896
medium,306,1306,435.3333333333333,306,-0.0167648177593946,0.5303124785423279,0.25,1.0
medium,307,1307,435.66666666666663,307,-0.0108841657638549,0.2609375119209289,0.0,0.4999996423721313
medium,308,1308,436.0,308,0.0131711363792419,0.6003124713897705,0.5,0.5
medium,309,1309,436.3333333333333,309,-0.0328008867800235,0.7568750381469727,0.625,1.0
medium,310,1310,436.66666666666663,310,-0.0235835276544094,0.53125,0.375,0.9999999403953552
medium,311,1311,437.0,311,0.0085785016417503,0.3568750023841858,0.125,0.9999998807907104
medium,312,1312,437.3333333333333,312,0.0288627445697784,0.1800000071525573,0.0,0.5
medium,313,1313,437.66666666666663,313,0.0118883866816759,0.3581249713897705,0.125,1.0
medium,314,1314,438.0,314,-0.0530627071857452,0.4806250035762787,0.25,0.9999998807907104
medium,315,1315,438.3333333333333,315,-0.0221915487200021,0.6037499904632568,0.5,1.0
medium,316,1316,438.66666666666663,316,-0.041891373693943,0.2278124988079071,0.0,0.9999998807907104
medium,317,1317,439.0,317,0.0089056231081485,0.9278125166893004,0.875,0.5
medium,318,1318,439.3333333333333,318,0.0279666632413864,0.5231249928474426,0.375,0.5
medium,319,1319,439.66666666666663,319,0.0434482023119926,0.6006249785423279,0.5,0.5
medium,320,1320,440.0,320,-0.0420731976628303,0.6171875,0.5,1.0
medium,321,1321,440.3333333333333,321,0.0137429777532815,0.7368749976158142,0.625,1.0
medium,322,1322,440.66666666666663,322,-0.0158956944942474,0.3784375190734863,0.125,0.9999999403953552
medium,323,1323,441.0,323,0.0117872580885887,0.2437500059604644,0.0,1.0
medium,324,1324,441.3333333333333,324,-0.0430166535079479,0.2934374809265136,0.0,1.0
medium,325,1325,441.66666666666663,325,-0.0636123716831207,0.1971874982118606,0.0,1.0
medium,326,1326,442.0,326,-0.014687368646264,0.197500005364418,0.0,0.9999999403953552
medium,327,1327,442.3333333333333,327,0.0360859297215938,0.2100000083446502,0.0,1.0
medium,328,1328,442.66666666666663,328,0.0080952066928148,0.296875,0.125,1.0
medium,329,1329,443.0,329,0.0068247690796852,0.3575000166893005,0.125,0.9999996423721312
medium,330,1330,443.3333333333333,330,-0.0022588372230529,0.4390625059604645,0.25,0.9999999403953552
medium,331,1331,443.66666666666663,331,-0.0526739135384559,0.4703125059604645,0.25,1.0
medium,332,1332,444.0,332,0.0469826348125934,0.3021875023841858,0.0,1.0
medium,333,1333,444.3333333333333,333,-0.0119572132825851,0.4615625143051147,0.25,1.0
medium,334,1334,444.66666666666663,334,-0.0026335380971431,0.4056250154972076,0.25,1.0
medium,335,1335,445.0,335,0.0080801658332347,0.2787500023841858,0.125,0.9999998807907104
medium,336,1336,445.3333333333333,336,-0.0094168782234191,0.2274999916553497,0.0,0.9999999403953552
medium,337,1337,445.66666666666663,337,0.0295195803046226,0.2243750095367431,0.0,0.9999998807907104
medium,338,1338,446.0,338,-0.0452659279108047,0.5037500262260437,0.375,0.9999998211860656
medium,339,1339,446.3333333333333,339,-0.0005035828799009,0.7606250047683716,0.625,0.4999999403953552
medium,340,1340,446.66666666666663,340,-0.0054594166576862,0.4596874713897705,0.25,1.0
medium,341,1341,447.0,341,0.0069306511431932,0.2565625011920929,0.0,1.0
medium,342,1342,447.3333333333333,342,0.0068054534494876,0.6021875143051147,0.5,0.5
medium,343,1343,447.66666666666663,343,0.0040257349610328,0.3121874928474426,0.125,1.000000238418579
medium,344,1344,448.0,344,-0.0168068408966064,0.3053125143051147,0.0,1.0
medium,345,1345,448.3333333333333,345,-0.0309942495077848,0.4228124916553497,0.125,1.0
medium,346,1346,448.66666666666663,346,-0.0186390429735183,0.3390625119209289,0.0,0.9999998807907104
medium,347,1347,449.0,347,0.0012527145445346,0.2390625029802322,0.0,0.9999998807907104
medium,348,1348,449.3333333333333,348,-0.0145052913576364,0.2987499833106994,0.125,0.9999997615814208
medium,349,1349,449.66666666666663,349,-0.0312488116323947,0.5146874785423279,0.375,1.0
medium,350,1350,450.0,350,-0.0134074259549379,0.5018750429153442,0.375,0.4999999403953552
medium,351,1351,450.3333333333333,351,-0.0,0.6000000238418579,0.5,0.0
medium,352,1352,450.66666666666663,352,0.006033681333065,0.2528125047683716,0.0,1.0
medium,353,1353,451.0,353,-0.0023852959275245,0.5115624666213989,0.25,0.9999999403953552
medium,354,1354,451.3333333333333,354,-0.0124790035188198,0.6543750166893005,0.5,1.0
medium,355,1355,451.66666666666663,355,-0.0112856961786746,0.5174999833106995,0.25,0.9999999403953552
medium,356,1356,452.0,356,-0.0036928430199623,0.4437500238418579,0.25,1.0
medium,357,1357,452.3333333333333,357,-0.0295678824186325,0.6009374856948853,0.5,0.4999999403953552
medium,358,1358,452.66666666666663,358,-0.0112213268876075,0.9118750095367432,0.875,0.5000000596046448
medium,359,1359,453.0,359,-0.0266433916985988,0.2456249892711639,0.0,1.0
medium,360,1360,453.3333333333333,360,-0.0092597752809524,0.6324999928474426,0.5,1.0
medium,361,1361,453.66666666666663,361,-0.0321416929364204,0.2062500119209289,0.0,0.4999999701976776
medium,362,1362,454.0,362,0.0478795953094959,0.4681250154972076,0.25,1.0000001192092896
medium,363,1363,454.3333333333333,363,-0.01242545992136,0.4550000131130218,0.25,0.5
medium,364,1364,454.66666666666663,364,-0.0184965599328279,0.3503125309944153,0.125,1.0
medium,365,1365,455.0,365,-0.0143795199692249,0.3006249964237213,0.125,0.5
medium,366,1366,455.3333333333333,366,0.0022213831543922,0.2012500017881393,0.0,0.5
medium,367,1367,455.66666666666663,367,-0.0662595033645629,0.9309375286102296,0.875,0.5
medium,368,1368,456.0,368,0.0071718282997608,0.426562488079071,0.25,0.5
medium,369,1369,456.3333333333333,369,0.0020469930022954,0.9059374928474426,0.875,0.5
medium,370,1370,456.66666666666663,370,0.0410904213786125,0.4599999785423279,0.25,1.0
medium,371,1371,457.0,371,0.0442609786987304,0.5340625047683716,0.375,1.0
medium,372,1372,457.3333333333333,372,-0.0217975359410047,0.3628125190734863,0.125,1.0
medium,373,1373,457.66666666666663,373,0.0118914544582366,0.2003124952316284,0.0,0.9999998211860656
medium,374,1374,458.0,374,0.0148076973855495,0.3568750023841858,0.125,0.9999999403953552
medium,375,1375,458.3333333333333,375,-0.0357086360454559,0.3415625095367431,0.125,1.0
medium,376,1376,458.66666666666663,376,-0.0050109066069126,0.6078125238418579,0.5,0.5000001192092896
medium,377,1377,459.0,377,0.0001602321863174,0.5,0.375,0.5
medium,378,1378,459.3333333333333,378,-0.011096591129899,0.6171875,0.5,0.4999999701976776
medium,379,1379,459.66666666666663,379,0.0239788200706243,0.7250000238418579,0.625,1.0
medium,380,1380,460.0,380,-0.0601628869771957,0.6656249761581421,0.5,1.0
medium,381,1381,460.3333333333333,381,0.00922342389822,0.5056250095367432,0.375,1.0
medium,382,1382,460.66666666666663,382,-0.0104765146970748,0.265625,0.0,0.5
medium,383,1383,461.0,383,0.0176884736865758,0.5287500023841858,0.375,1.0
medium,384,1384,461.3333333333333,384,0.015643011778593,0.5337499976158142,0.375,0.9999998807907104
medium,385,1385,461.66666666666663,385,0.0093670915812253,0.4259374737739563,0.125,0.9999998807907104
medium,386,1386,462.0,386,-0.0139868631958961,0.9206249713897704,0.875,0.5
medium,387,1387,462.3333333333333,387,0.0030722506344318,0.5340625047683716,0.375,1.0
medium,388,1388,462.66666666666663,388,-0.0321850180625915,0.2556250095367431,0.0,1.0
medium,389,1389,463.0,389,-0.010604552924633,0.6031249761581421,0.5,0.5
medium,390,1390,463.3333333333333,390,-0.0365344509482383,0.5774999856948853,0.375,1.0
medium,391,1391,463.66666666666663,391,0.0036365389823913,0.609375,0.5,0.5000001788139343
medium,392,1392,464.0,392,-0.0024184547364711,0.2203125059604644,0.0,1.0
medium,393,1393,464.3333333333333,393,-0.0522860176861286,0.4656250178813934,0.25,1.0
medium,394,1394,464.66666666666663,394,-0.0301875919103622,0.8181250095367432,0.75,0.4999999403953552
medium,395,1395,465.0,395,-0.0001124031841754,0.2087500095367431,0.0,0.5
medium,396,1396,465.3333333333333,396,0.0069360714405775,0.3224999904632568,0.125,1.0
medium,397,1397,465.66666666666663,397,-0.0228177905082702,0.2559375166893005,0.0,1.0
medium,398,1398,466.0,398,-0.0054137036204338,0.4559375047683716,0.25,0.999999701976776
medium,399,1399,466.3333333333333,399,-0.0345873609185218,0.4062500298023224,0.125,0.9999998807907104
medium,400,1400,466.66666666666663,400,-0.0035521369427442,0.421875,0.25,0.5
medium,401,1401,467.0,401,-0.0120773576200008,0.6637499928474426,0.5,0.5
medium,402,1402,467.3333333333333,402,-0.0562526583671569,0.2103125005960464,0.0,0.9999999403953552
medium,403,1403,467.66666666666663,403,0.0010741874575614,0.2590624988079071,0.0,0.5
medium,404,1404,468.0,404,-0.0376873575150966,0.2443750202655792,0.0,1.0
medium,405,1405,468.3333333333333,405,0.0247900858521461,0.2749999761581421,0.0,1.0
medium,406,1406,468.66666666666663,406,-0.001087412238121,0.2862499952316284,0.0,0.9999999403953552
medium,407,1407,469.0,407,-0.0051411874592304,0.2949999868869781,0.125,0.9999998807907104
medium,408,1408,469.33333333333326,408,-0.0,0.6000000238418579,0.5,0.0
medium,409,1409,469.66666666666663,409,0.0115082673728466,0.6000000238418579,0.5,1.0
medium,410,1410,470.0,410,-0.0492407605051994,0.2746874988079071,0.0,0.5
medium,411,1411,470.33333333333326,411,0.0195471681654453,0.3268750011920929,0.0,1.0
medium,412,1412,470.66666666666663,412,-0.0171747934073209,0.5556249618530273,0.375,0.9999999403953552
medium,413,1413,471.0,413,0.0098539516329765,0.4225000143051147,0.125,0.5
medium,414,1414,471.33333333333326,414,-0.0593784339725971,0.4171875119209289,0.25,0.9999998211860656
medium,415,1415,471.66666666666663,415,0.0114760100841522,0.2062500119209289,0.0,0.9999997615814208
medium,416,1416,472.0,416,-0.0074648261070251,0.8999999761581421,0.875,0.5
medium,417,1417,472.3333333333333,417,-0.0176086798310279,0.2290624976158142,0.0,0.9999998807907104
medium,418,1418,472.66666666666663,418,-0.0724855437874794,0.6212500333786011,0.5,1.0
medium,419,1419,473.0,419,0.0003027245402336,0.9309375286102296,0.875,0.5
medium,420,1420,473.3333333333333,420,-0.0607641339302063,0.9084374904632568,0.875,0.5
medium,421,1421,473.66666666666663,421,0.0078369975090026,0.234375,0.0,0.5
medium,422,1422,474.0,422,-0.018779806792736,0.4625000059604645,0.25,1.0
medium,423,1423,474.3333333333333,423,-0.0005123000591993,0.3043749928474426,0.0,0.9999998807907104
medium,424,1424,474.66666666666663,424,-0.0252616107463836,0.2162500023841858,0.0,1.0
medium,425,1425,475.0,425,0.0278656408190727,0.5465624928474426,0.375,1.0
medium,426,1426,475.3333333333333,426,-0.0205492414534091,0.6346875429153442,0.5,0.5
medium,427,1427,475.66666666666663,427,0.0260840207338333,0.2962499856948852,0.0,1.0
medium,428,1428,476.0,428,-0.0712121799588203,0.6312500238418579,0.5,1.0
medium,429,1429,476.3333333333333,429,0.0553323291242122,0.3003125190734863,0.0,1.0
medium,430,1430,476.66666666666663,430,-0.0003258492797613,0.3412500023841858,0.125,1.0
medium,431,1431,477.0,431,-0.0021052546799182,0.8999999761581421,0.875,0.5
medium,432,1432,477.3333333333333,432,-0.0195609517395496,0.410625010728836,0.25,1.0
medium,433,1433,477.66666666666663,433,-0.0506610684096813,0.6662499904632568,0.5,0.5000001192092896
medium,434,1434,478.0,434,0.0062261950224637,0.5640624761581421,0.375,0.9999996423721312
medium,435,1435,478.3333333333333,435,-0.0153502821922302,0.637499988079071,0.5,0.5
medium,436,1436,478.66666666666663,436,0.0060555282980203,0.2731249928474426,0.0,0.9999998807907104
medium,437,1437,479.0,437,-0.0536644756793975,0.2215625047683715,0.0,0.9999997615814208
medium,438,1438,479.3333333333333,438,-0.0,0.6000000238418579,0.5,0.0
medium,439,1439,479.66666666666663,439,0.0539996735751628,0.2824999988079071,0.0,1.000000238418579
medium,440,1440,480.0,440,-0.02621541172266,0.5918750166893005,0.5,1.0
medium,441,1441,480.3333333333333,441,-0.0068729575723409,0.2274999916553497,0.0,0.5
medium,442,1442,480.66666666666663,442,-0.0047621205449104,0.3428124785423279,0.125,1.0
medium,443,1443,481.0,443,0.0040984842926263,0.3696874976158142,0.125,0.9999999403953552
medium,444,1444,481.3333333333333,444,-0.0830226466059684,0.6015625,0.5,0.9999999403953552
medium,445,1445,481.66666666666663,445,-0.0020449496805667,0.9028124809265136,0.875,0.5
medium,446,1446,482.0,446,0.0091004893183708,0.5003125071525574,0.375,0.5
medium,447,1447,482.3333333333333,447,0.0143773108720779,0.2725000083446502,0.0,0.9999999403953552
medium,448,1448,482.66666666666663,448,-0.0215294808149337,0.3287500143051147,0.125,0.5
medium,449,1449,483.0,449,0.0327474996447563,0.5699999928474426,0.375,1.0
medium,450,1450,483.3333333333333,450,-0.0083495900034904,0.4003124833106994,0.25,0.5
medium,451,1451,483.66666666666663,451,0.0222519859671592,0.2706249952316284,0.125,1.0
medium,452,1452,484.0,452,0.0535366274416446,0.5128124952316284,0.375,1.0
medium,453,1453,484.3333333333333,453,0.0080179348587989,0.2356249988079071,0.0,0.5000001788139343
medium,454,1454,484.66666666666663,454,-0.0108313709497451,0.7215625047683716,0.625,1.0
medium,455,1455,485.0,455,-0.0199978295713663,0.3571875095367431,0.125,1.0
medium,456,1456,485.3333333333333,456,-0.0356396660208702,0.3468750119209289,0.125,1.0
medium,457,1457,485.66666666666663,457,-0.046405840665102,0.5115624666213989,0.375,0.9999997615814208
medium,458,1458,486.0,458,0.0370225459337234,0.2606250047683716,0.0,1.0
medium,459,1459,486.3333333333333,459,-0.0252219028770923,0.5690624713897705,0.375,1.0
medium,460,1460,486.66666666666663,460,-0.0,0.6000000238418579,0.5,0.0
medium,461,1461,487.0,461,0.0045701265335083,0.2434374988079071,0.0,1.0
medium,462,1462,487.3333333333333,462,-0.0330500043928623,0.6009374856948853,0.5,1.0
medium,463,1463,487.66666666666663,463,0.0027693398296833,0.2428124845027923,0.0,0.5
medium,464,1464,488.0,464,-0.0196683853864669,0.2040624916553497,0.0,0.5
medium,465,1465,488.3333333333333,465,-0.0501633994281291,0.5228124856948853,0.375,0.9999999403953552
medium,466,1466,488.66666666666663,466,0.0341489538550376,0.3078125119209289,0.0,1.0
medium,467,1467,489.0,467,0.0293898787349462,0.6259374618530273,0.375,1.0
medium,468,1468,489.3333333333333,468,-0.0394272617995739,0.2740624845027923,0.0,1.0
medium,469,1469,489.66666666666663,469,-0.0253963358700275,0.8053125143051147,0.75,0.4999999701976776
medium,470,1470,490.0,470,0.0174100715667009,0.2412500083446502,0.0,1.0
medium,471,1471,490.33333333333326,471,0.006193570792675,0.4215624928474426,0.125,0.9999999403953552
medium,472,1472,490.66666666666663,472,0.0098323002457618,0.4368749856948852,0.25,0.5
medium,473,1473,491.0,473,-0.0108269471675157,0.7537499666213989,0.625,1.0
medium,474,1474,491.33333333333326,474,0.0089052896946668,0.457812488079071,0.25,0.4999999701976776
medium,475,1475,491.66666666666663,475,0.0084486044943332,0.2006250023841858,0.0,0.5
medium,476,1476,492.0,476,0.0062204450368881,0.6396875381469727,0.5,0.5
medium,477,1477,492.33333333333326,477,-0.0268801636993885,0.3371874988079071,0.125,1.0
medium,478,1478,492.66666666666663,478,-0.0026812981814146,0.2615624964237213,0.0,1.0000001192092896
medium,479,1479,493.0,479,-0.0475496686995029,0.3265624940395355,0.0,0.9999999403953552
medium,480,1480,493.33333333333326,480,-0.0268312357366085,0.3587499856948852,0.125,1.0
medium,481,1481,493.66666666666663,481,-0.0184207782149314,0.4443750381469726,0.25,1.0
medium,482,1482,494.0,482,0.013977101072669,0.5165625214576721,0.375,1.0
medium,483,1483,494.3333333333333,483,-0.0043173413723707,0.4515624940395355,0.25,0.999999463558197
medium,484,1484,494.66666666666663,484,-0.0754437744617462,0.7181249856948853,0.625,0.5
medium,485,1485,495.0,485,0.0156575981527566,0.301562488079071,0.125,1.0
medium,486,1486,495.3333333333333,486,-0.0391727946698665,0.4196875095367431,0.25,0.9999999403953552
medium,487,1487,495.66666666666663,487,-0.0433568730950355,0.3187500238418579,0.125,1.000000238418579
medium,488,1488,496.0,488,0.009006667882204,0.3743750154972076,0.125,1.0
medium,489,1489,496.3333333333333,489,-0.013189423829317,0.6043750047683716,0.5,0.499999463558197
medium,490,1490,496.66666666666663,490,-0.0287390183657407,0.800000011920929,0.75,0.5
medium,491,1491,497.0,491,-0.0286917481571435,0.9059374928474426,0.875,0.5
medium,492,1492,497.3333333333333,492,-0.0499938353896141,0.5978124737739563,0.375,0.9999998807907104
medium,493,1493,497.66666666666663,493,-0.0,1.0,1.0,0.0
medium,494,1494,498.0,494,-0.0207908116281032,0.2884375154972076,0.0,0.9999998807907104
medium,495,1495,498.3333333333333,495,0.0086281113326549,0.231249988079071,0.0,1.0
medium,496,1496,498.66666666666663,496,0.0381548963487148,0.5028125047683716,0.375,1.0
medium,497,1497,499.0,497,0.0052557718008756,0.5062500238418579,0.375,1.0
medium,498,1498,499.3333333333333,498,-0.0168802458792924,0.6481249928474426,0.5,0.5
medium,499,1499,499.66666666666663,499,0.0160635579377412,0.7259374856948853,0.625,0.5
medium,500,1500,500.0,500,-0.0292369052767753,0.2084375023841858,0.0,0.9999998807907104
medium,501,1501,500.3333333333333,501,0.0104875350371003,0.2653124928474426,0.0,0.9999997615814208
medium,502,1502,500.66666666666663,502,-0.0551930665969848,0.4281250238418579,0.25,0.9999998807907104
medium,503,1503,501.0,503,-0.0605815835297107,0.723437488079071,0.625,0.4999999403953552
medium,504,1504,501.3333333333333,504,0.0403384640812873,0.2178125083446502,0.0,0.9999999403953552
medium,505,1505,501.66666666666663,505,0.0255304835736751,0.7090625166893005,0.5,1.0
medium,506,1506,502.0,506,-0.0119678266346454,0.3265625238418579,0.0,0.9999999403953552
medium,507,1507,502.3333333333333,507,0.0018887966871261,0.2674999833106994,0.0,0.999998927116394
medium,508,1508,502.66666666666663,508,-0.0019623562693595,0.3318749964237213,0.125,1.0
medium,509,1509,503.0,509,0.0294743701815605,0.6781250238418579,0.5,0.5
medium,510,1510,503.3333333333333,510,0.0015886388719081,0.5515625476837158,0.375,0.9999998807907104
medium,511,1511,503.66666666666663,511,0.0124430544674396,0.3553124964237213,0.125,1.0
medium,512,1512,504.0,512,-0.0,0.6000000238418579,0.5,0.0
medium,513,1513,504.3333333333333,513,-0.00845268368721,0.3603124916553497,0.125,1.0000001192092896
medium,514,1514,504.66666666666663,514,0.0156571548432111,0.8050000071525574,0.75,1.0
medium,515,1515,505.0,515,-0.0097984597086906,0.4015624821186065,0.0,0.5
medium,516,1516,505.3333333333333,516,0.0406432598829269,0.3353125154972076,0.125,1.0
medium,517,1517,505.66666666666663,517,0.0125119425356388,0.2078125029802322,0.0,0.9999999403953552
medium,518,1518,506.0,518,-0.0117238946259021,0.4462499916553497,0.25,0.9999998807907104
medium,519,1519,506.3333333333333,519,-0.0059164157137274,0.2100000083446502,0.0,1.0
medium,520,1520,506.66666666666663,520,-0.0402831919491291,0.5565625429153442,0.375,1.0
medium,521,1521,507.0,521,-0.0752843767404556,0.5506250262260437,0.375,0.9999999403953552
medium,522,1522,507.3333333333333,522,-0.0246956869959831,0.8006249666213989,0.75,0.5
medium,523,1523,507.66666666666663,523,-0.0320133864879608,0.1924999952316284,0.0,1.0
medium,524,1524,508.0,524,0.0040383636951446,0.6003124713897705,0.5,1.0
medium,525,1525,508.3333333333333,525,-0.0415761955082416,0.6324999928474426,0.5,0.4999999403953552
medium,526,1526,508.66666666666663,526,-0.0515118315815925,0.5484374761581421,0.375,1.0
medium,527,1527,509.0,527,-0.0,0.6000000238418579,0.5,0.0
medium,528,1528,509.3333333333333,528,-0.0328716672956943,0.7790625095367432,0.625,1.0
medium,529,1529,509.66666666666663,529,-0.020276740193367,0.2028124928474426,0.0,0.4999998211860657
medium,530,1530,510.0,530,-0.0143331866711378,0.3215624988079071,0.125,1.0
medium,531,1531,510.3333333333333,531,-0.0335007160902023,0.4115625023841858,0.25,1.0
medium,532,1532,510.66666666666663,532,0.018909603357315,0.4546875059604645,0.25,0.9999997615814208
medium,533,1533,511.0,533,-0.0307333692908287,0.4190624952316284,0.125,1.0
medium,534,1534,511.3333333333333,534,-0.0284899920225143,0.6075000166893005,0.5,1.0
medium,535,1535,511.66666666666663,535,0.0384933985769748,0.2565625011920929,0.0,0.9999999403953552
medium,536,1536,512.0,536,-0.0365486778318882,0.3878124952316284,0.125,1.0
medium,537,1537,512.3333333333333,537,0.0074593424797058,0.3343750238418579,0.0,1.0
medium,538,1538,512.6666666666666,538,-0.0214837342500686,0.5259374976158142,0.375,0.5
medium,539,1539,513.0,539,-0.022410798817873,0.3765625357627868,0.125,1.0
medium,540,1540,513.3333333333333,540,0.060117982327938,0.6156250238418579,0.5,0.5
medium,541,1541,513.6666666666666,541,-0.0326371379196643,0.5381249785423279,0.375,1.0000001192092896
medium,542,1542,514.0,542,0.0195664465427398,0.6940624713897705,0.5,0.4999999403953552
medium,543,1543,514.3333333333333,543,-0.0139698889106512,0.4168750047683716,0.25,0.9999999403953552
medium,544,1544,514.6666666666666,544,-0.0094853565096855,0.629687488079071,0.5,0.5
medium,545,1545,515.0,545,-0.0020586773753166,0.3106250166893005,0.0,1.0
medium,546,1546,515.3333333333333,546,-0.0327686816453933,0.3493750095367431,0.125,0.9999999403953552
medium,547,1547,515.6666666666666,547,-0.0371867828071117,0.4209374785423279,0.125,1.0
medium,548,1548,516.0,548,-0.0007321164011955,0.6965625286102295,0.5,0.5
medium,549,1549,516.3333333333333,549,-0.0438506752252578,0.2684375047683716,0.0,0.9999998807907104
medium,550,1550,516.6666666666666,550,-0.0212330892682075,0.40625,0.25,0.9999997615814208
medium,551,1551,517.0,551,0.0186537038534879,0.434374988079071,0.25,0.9999996423721312
medium,552,1552,517.3333333333333,552,-0.0342328585684299,0.3446874916553497,0.125,1.0
medium,553,1553,517.6666666666666,553,-0.0362275280058383,0.7612500190734863,0.625,0.4999999701976776
medium,554,1554,518.0,554,0.0127272903919219,0.8999999761581421,0.875,0.5
medium,555,1555,518.3333333333333,555,-0.0079948380589485,0.2818749845027923,0.0,1.0
medium,556,1556,518.6666666666666,556,0.0290212761610746,0.4334374964237213,0.25,1.0
medium,557,1557,519.0,557,-0.0007894691079854,0.6362500190734863,0.5,1.0
medium,558,1558,519.3333333333333,558,-0.021794531494379,0.8187500238418579,0.75,0.5
medium,559,1559,519.6666666666666,559,0.0330727398395538,0.574999988079071,0.5,1.0
medium,560,1560,520.0,560,0.03605592623353,0.5206249952316284,0.375,0.9999999403953552
medium,561,1561,520.3333333333333,561,0.0163990035653114,0.5971875190734863,0.375,1.0
medium,562,1562,520.6666666666666,562,-0.0045448243618011,0.3050000071525574,0.0,1.0
medium,563,1563,521.0,563,-0.0254453085362911,0.3690624833106994,0.125,1.0
medium,564,1564,521.3333333333333,564,0.0254620686173439,0.2056249976158142,0.0,1.0
medium,565,1565,521.6666666666666,565,0.0388912819325923,0.2771874964237213,0.0,1.0
medium,566,1566,522.0,566,-0.0320391505956649,0.2731249928474426,0.0,0.9999999403953552
medium,567,1567,522.3333333333333,567,-0.0615285858511924,0.328125,0.125,1.0
medium,568,1568,522.6666666666666,568,-0.0118351504206657,0.6521874666213989,0.5,0.5000000596046448
medium,569,1569,523.0,569,0.0149497278034687,0.2125000059604644,0.0,1.0
medium,570,1570,523.3333333333333,570,-0.0205297470092773,0.614062488079071,0.5,0.5000001192092896
medium,571,1571,523.6666666666666,571,-0.0471760109066963,0.6050000190734863,0.5,0.5000001788139343
medium,572,1572,524.0,572,-0.024787513539195,0.7174999713897705,0.625,0.5
medium,573,1573,524.3333333333333,573,-0.0239648055285215,0.8115624785423279,0.75,0.5
medium,574,1574,524.6666666666666,574,-0.0124619789421558,0.3031249940395355,0.125,0.5000000596046448
medium,575,1575,525.0,575,0.015343815088272,0.3284375071525574,0.125,1.0
medium,576,1576,525.3333333333333,576,-0.0889247059822082,0.3134375214576721,0.125,1.0
medium,577,1577,525.6666666666666,577,-0.0096571631729602,0.3146874904632568,0.125,0.4999999403953552
medium,578,1578,526.0,578,-0.0123932473361492,0.3612500131130218,0.125,0.9999999403953552
medium,579,1579,526.3333333333333,579,-0.0440849773585796,0.4518749713897705,0.25,1.0
medium,580,1580,526.6666666666666,580,0.0189600363373756,0.2356249988079071,0.0,1.0
medium,581,1581,527.0,581,-1.09747052192688e-05,0.6018750071525574,0.5,0.4999998211860657
medium,582,1582,527.3333333333333,582,-0.0274974014610052,0.4287500083446502,0.25,0.5
medium,583,1583,527.6666666666666,583,0.0131843071430921,0.4181250035762787,0.25,1.0
medium,584,1584,528.0,584,-0.0111637599766254,0.2740625143051147,0.0,0.9999997615814208
medium,585,1585,528.3333333333333,585,-0.0205621123313903,0.5259374976158142,0.375,1.0
medium,586,1586,528.6666666666666,586,-0.0167741738259792,0.706250011920929,0.625,1.0
medium,587,1587,529.0,587,0.0029372163116931,0.293437510728836,0.0,0.9999998807907104
medium,588,1588,529.3333333333333,588,-0.0,0.6000000238418579,0.5,0.0
medium,589,1589,529.6666666666666,589,-0.0366782881319522,0.4075000286102295,0.25,0.9999999403953552
medium,590,1590,530.0,590,-0.0014533400535583,0.4040625095367431,0.25,1.0
medium,591,1591,530.3333333333333,591,0.0221629105508327,0.1899999976158142,0.0,0.4999999403953552
medium,592,1592,530.6666666666666,592,-0.0256945304572582,0.332500010728836,0.125,0.4999999403953552
medium,593,1593,531.0,593,0.0110684894025325,0.4371874928474426,0.25,0.9999998211860656
medium,594,1594,531.3333333333333,594,-0.041573841124773,0.3028125166893005,0.0,1.0
medium,595,1595,531.6666666666666,595,0.0068171247839927,0.6056250333786011,0.5,1.0
medium,596,1596,532.0,596,-0.0003011468797922,0.7496874928474426,0.625,0.5
medium,597,1597,532.3333333333333,597,-0.0034121945500373,0.2012500017881393,0.0,0.4999999701976776
medium,598,1598,532.6666666666666,598,-0.0039659906178712,0.7574999928474426,0.625,1.0
medium,599,1599,533.0,599,-0.0369637235999107,0.2865625023841858,0.0,0.9999999403953552
medium,600,1600,533.3333333333333,600,-0.0350187271833419,0.3390625119209289,0.125,0.9999997615814208
medium,601,1601,533.6666666666666,601,0.0028765238821506,0.5159375071525574,0.375,0.5
medium,602,1602,534.0,602,-0.0100323557853698,0.6318750381469727,0.5,0.5000000596046448
medium,603,1603,534.3333333333333,603,9.725987911224364e-05,0.2771874964237213,0.0,1.0
medium,604,1604,534.6666666666666,604,-0.021458288654685,0.8999999761581421,0.875,0.5
medium,605,1605,535.0,605,0.0185651518404483,0.5071874856948853,0.375,0.4999999403953552
medium,606,1606,535.3333333333333,606,-0.0222993530333042,0.4059374928474426,0.125,1.0
medium,607,1607,535.6666666666666,607,0.0108382441103458,0.2824999988079071,0.0,1.0
medium,608,1608,536.0,608,0.0157817080616951,0.800000011920929,0.75,0.5
medium,609,1609,536.3333333333333,609,-0.0009303838014602,0.2221875041723251,0.0,0.9999997615814208
medium,610,1610,536.6666666666666,610,-0.0631976649165153,0.6662499904632568,0.5,1.0
medium,611,1611,537.0,611,-0.0085792988538742,0.2171874940395355,0.0,1.0
medium,612,1612,537.3333333333333,612,-0.0072031337767839,0.4196875095367431,0.25,0.9999999403953552
medium,613,1613,537.6666666666666,613,-0.0363309346139431,0.625,0.5,0.4999999403953552
medium,614,1614,538.0,614,-0.0713886022567749,0.2487500011920929,0.0,0.9999998211860656
medium,615,1615,538.3333333333333,615,-0.0375412479043006,0.903124988079071,0.875,0.5
medium,616,1616,538.6666666666666,616,-0.0252671539783477,0.2081249952316284,0.0,0.5
medium,617,1617,539.0,617,0.0042783040553331,0.5,0.375,1.0
medium,618,1618,539.3333333333333,618,-0.0117056146264076,0.3321875035762787,0.125,1.0
medium,619,1619,539.6666666666666,619,0.0197560787200927,0.5518749952316284,0.375,1.0
medium,620,1620,540.0,620,-0.0128330141305923,0.8087500333786011,0.75,0.5
medium,621,1621,540.3333333333333,621,0.0223626643419265,0.609375,0.5,0.4999999701976776
medium,622,1622,540.6666666666666,622,0.0127882082015275,0.8062499761581421,0.75,0.4999999701976776
medium,623,1623,541.0,623,-0.0056094694882631,0.6421874761581421,0.5,0.5
medium,624,1624,541.3333333333333,624,-0.0076252799481153,0.5715625286102295,0.375,0.9999999403953552
medium,625,1625,541.6666666666666,625,0.0054122433066368,0.2915624976158142,0.0,1.0
medium,626,1626,542.0,626,-0.0356164798140525,0.6309375166893005,0.5,1.0
medium,627,1627,542.3333333333333,627,-0.046226218342781,0.4740625023841858,0.375,1.0
medium,628,1628,542.6666666666666,628,-0.0223032999783754,0.4665625095367431,0.125,1.0
medium,629,1629,543.0,629,0.011717103421688,0.4228125214576721,0.125,0.9999999403953552
medium,630,1630,543.3333333333333,630,-0.0022175665944814,0.317187488079071,0.125,1.0000001192092896
medium,631,1631,543.6666666666666,631,0.0322035737335681,0.2106250077486038,0.0,0.9999997615814208
medium,632,1632,544.0,632,0.0083182137459516,0.800000011920929,0.75,1.0
medium,633,1633,544.3333333333333,633,-0.0117099117487668,0.3115624785423279,0.125,1.0
medium,634,1634,544.6666666666666,634,-0.0029761604964733,0.3434374928474426,0.125,1.0
medium,635,1635,545.0,635,-0.0296759232878685,0.5346875190734863,0.375,1.0
medium,636,1636,545.3333333333333,636,-0.013625169172883,0.628125011920929,0.5,0.5
medium,637,1637,545.6666666666666,637,-0.0258207414299249,0.2768749892711639,0.0,1.0
medium,638,1638,546.0,638,0.0039195362478494,0.4174999892711639,0.25,0.5
medium,639,1639,546.3333333333333,639,0.0207924842834472,0.5612499713897705,0.375,0.9999998807907104
medium,640,1640,546.6666666666666,640,0.0032745972275733,0.4424999952316284,0.25,1.0
medium,641,1641,547.0,641,-0.05521871894598,0.4115625023841858,0.25,1.0
medium,642,1642,547.3333333333333,642,-0.0120358765125274,0.356249988079071,0.125,0.5
medium,643,1643,547.6666666666666,643,0.0052696578204631,0.2993749976158142,0.125,1.0
medium,644,1644,548.0,644,0.0102796517312526,0.3256250023841858,0.0,0.999999463558197
medium,645,1645,548.3333333333333,645,-0.0,1.0,1.0,0.0
medium,646,1646,548.6666666666666,646,-0.0029334649443626,0.1937500089406967,0.0,1.0
medium,647,1647,549.0,647,-0.0,0.6000000238418579,0.5,0.0
medium,648,1648,549.3333333333333,648,0.00132916867733,0.5865625143051147,0.375,1.0
medium,649,1649,549.6666666666666,649,-0.0038214921951293,0.859375,0.75,0.5
medium,650,1650,550.0,650,-0.0327393785119056,0.6284375190734863,0.5,0.9999999403953552
medium,651,1651,550.3333333333333,651,-0.0117655899375677,0.2356249988079071,0.0,1.0
medium,652,1652,550.6666666666666,652,0.0027226544916629,0.2890625,0.0,1.0
medium,653,1653,551.0,653,0.007542110979557,0.3096874952316284,0.125,1.0
medium,654,1654,551.3333333333333,654,-0.0067394319921731,0.8999999761581421,0.875,0.5
medium,655,1655,551.6666666666666,655,0.0264989510178565,0.2318750023841858,0.0,0.9999998807907104
medium,656,1656,552.0,656,-0.0213231220841407,0.5462499856948853,0.375,0.9999999403953552
medium,657,1657,552.3333333333333,657,-0.0861748605966568,0.4987500011920929,0.25,1.0
medium,658,1658,552.6666666666666,658,-0.0475770384073257,0.387499988079071,0.125,0.9999999403953552
medium,659,1659,553.0,659,-0.0387499220669269,0.3140624761581421,0.0,0.9999999403953552
medium,660,1660,553.3333333333333,660,-0.0079706851392984,0.6328125,0.5,0.4999999701976776
medium,661,1661,553.6666666666666,661,-0.0351232066750526,0.4209375083446502,0.25,1.0
medium,662,1662,554.0,662,-0.0303482618182897,0.348125010728836,0.125,0.9999998807907104
medium,663,1663,554.3333333333333,663,-0.019830472767353,0.6009374856948853,0.5,1.0
medium,664,1664,554.6666666666666,664,-0.0064735999330878,0.6206250190734863,0.5,0.4999999701976776
medium,665,1665,555.0,665,0.0059562884271144,0.8306249976158142,0.75,0.9999999403953552
medium,666,1666,555.3333333333333,666,-0.0548576638102531,0.5178124904632568,0.375,1.0
medium,667,1667,555.6666666666666,667,0.0182798244059085,0.5240625143051147,0.375,1.0
medium,668,1668,556.0,668,0.0017741173505783,0.4271875023841858,0.25,1.0
medium,669,1669,556.3333333333333,669,-0.0152811948210001,0.800000011920929,0.75,0.5
medium,670,1670,556.6666666666666,670,-0.0024046581238508,0.4021874964237213,0.125,1.0
medium,671,1671,557.0,671,-0.0829968452453613,0.6028125286102295,0.5,0.9999998807907104
medium,672,1672,557.3333333333333,672,0.0104364715516567,0.8096874952316284,0.75,1.0
medium,673,1673,557.6666666666666,673,-0.0254844166338443,0.4493750035762787,0.25,0.9999999403953552
medium,674,1674,558.0,674,-0.0263572316616773,0.5446875095367432,0.375,0.9999999403953552
medium,675,1675,558.3333333333333,675,-0.039463423192501,0.4674999713897705,0.25,1.0
medium,676,1676,558.6666666666666,676,0.0050799492746591,0.2450000047683715,0.0,0.9999999403953552
medium,677,1677,559.0,677,-0.0110364984720945,0.5784375071525574,0.375,1.0
medium,678,1678,559.3333333333333,678,0.0129964388906955,0.2450000047683715,0.0,1.0
medium,679,1679,559.6666666666666,679,-0.0398798063397407,0.5115624666213989,0.375,1.0
medium,680,1680,560.0,680,-0.020655570551753,0.4587500095367431,0.125,1.0
medium,681,1681,560.3333333333333,681,-0.0313620418310165,0.518750011920929,0.375,1.0
medium,682,1682,560.6666666666666,682,-0.0096554346382617,0.2556249797344208,0.0,1.0
medium,683,1683,561.0,683,0.0528204813599586,0.4140625,0.125,1.0
medium,684,1684,561.3333333333333,684,-0.0011546043679118,0.5009375214576721,0.375,0.5
medium,685,1685,561.6666666666666,685,-0.0863022953271865,0.3625000119209289,0.125,0.9999998807907104
medium,686,1686,562.0,686,-0.021165519952774,0.573437511920929,0.25,1.0
medium,687,1687,562.3333333333333,687,-0.0029764175415039,0.3053124845027923,0.125,0.4999999701976776
medium,688,1688,562.6666666666666,688,-0.0424469895660877,0.4134375154972076,0.25,1.0
medium,689,1689,563.0,689,-0.0275414735078811,0.25,0.0,1.0
medium,690,1690,563.3333333333333,690,-0.0084120109677314,0.7284375429153442,0.625,1.0
medium,691,1691,563.6666666666666,691,-0.0283302515745162,0.4071874916553497,0.25,1.0
medium,692,1692,564.0,692,-0.0091253370046615,0.3040624856948852,0.0,1.0
medium,693,1693,564.3333333333333,693,-0.1087577417492866,0.6075000166893005,0.5,1.0
medium,694,1694,564.6666666666666,694,0.0031725447624921,0.403124988079071,0.25,1.0
medium,695,1695,565.0,695,-0.0082760192453861,0.6940624713897705,0.5,0.5
medium,696,1696,565.3333333333333,696,-0.0746361836791038,0.6090624928474426,0.5,1.0
medium,697,1697,565.6666666666666,697,0.0100472494959831,0.9009374976158142,0.875,0.5
medium,698,1698,566.0,698,-0.006028164178133,0.5028125047683716,0.375,0.9999999403953552
medium,699,1699,566.3333333333333,699,0.0400217249989509,0.6012499928474426,0.375,1.0
medium,700,1700,566.6666666666666,700,-0.0393671318888664,0.6421874761581421,0.5,0.9999999403953552
medium,701,1701,567.0,701,-0.0285144336521625,0.8999999761581421,0.875,0.5
medium,702,1702,567.3333333333333,702,-0.0279679521918296,0.2303124964237213,0.0,0.5000001788139343
medium,703,1703,567.6666666666666,703,-0.0524010248482227,0.4278125166893005,0.25,0.9999999403953552
medium,704,1704,568.0,704,0.0039046732708811,0.6181249618530273,0.5,1.0
medium,705,1705,568.3333333333333,705,-0.0040813218802213,0.4275000095367431,0.125,1.0
medium,706,1706,568.6666666666666,706,0.0144818779081106,0.4596875011920929,0.25,1.0
medium,707,1707,569.0,707,-0.0213991962373256,0.5428124666213989,0.375,1.0
medium,708,1708,569.3333333333333,708,0.0169523358345031,0.3853124976158142,0.125,0.9999998807907104
medium,709,1709,569.6666666666666,709,-0.0371637344360351,0.6712499856948853,0.5,0.4999999403953552
medium,710,1710,570.0,710,-0.0179892182350158,0.3487499952316284,0.0,0.9999998807907104
medium,711,1711,570.3333333333333,711,0.0579012669622898,0.2709375023841858,0.0,1.0
medium,712,1712,570.6666666666666,712,0.0013820044696331,0.5065624713897705,0.25,0.9999999403953552
medium,713,1713,571.0,713,-0.0594347864389419,0.453125,0.25,1.0
medium,714,1714,571.3333333333333,714,-0.0610837787389755,0.7112500071525574,0.625,0.9999999403953552
medium,715,1715,571.6666666666666,715,0.003169722855091,0.4700000286102295,0.25,1.0
medium,716,1716,572.0,716,0.0438478328287601,0.3590624928474426,0.0,1.0
medium,717,1717,572.3333333333333,717,0.0186448413878679,0.3196875154972076,0.125,1.0
medium,718,1718,572.6666666666666,718,-0.0,0.6000000238418579,0.5,0.0
medium,719,1719,573.0,719,-0.0,0.6000000238418579,0.5,0.0
medium,720,1720,573.3333333333333,720,-0.0605137608945369,0.2449999898672104,0.0,1.0
medium,721,1721,573.6666666666666,721,-0.010471187531948,0.6021875143051147,0.5,0.4999998211860657
medium,722,1722,574.0,722,-0.0478763803839683,0.5059374570846558,0.375,1.0
medium,723,1723,574.3333333333333,723,-0.0371890366077423,0.3581250011920929,0.125,1.0
medium,724,1724,574.6666666666666,724,-0.0051012374460697,0.4000000059604645,0.25,0.5
medium,725,1725,575.0,725,0.0241707433015108,0.2453124970197677,0.0,1.0
medium,726,1726,575.3333333333333,726,-0.0270430147647857,0.2753125131130218,0.0,1.0
medium,727,1727,575.6666666666666,727,-0.0133159607648849,0.6096875071525574,0.5,0.5000001192092896
medium,728,1728,576.0,728,-0.0258226282894611,0.714062511920929,0.625,0.5
medium,729,1729,576.3333333333333,729,-0.0208892934024333,0.3343749940395355,0.125,0.5
medium,730,1730,576.6666666666666,730,-0.0339465662837028,0.2725000083446502,0.0,0.4999999701976776
medium,731,1731,577.0,731,-0.0485252887010574,0.2090625017881393,0.0,0.9999997615814208
medium,732,1732,577.3333333333333,732,-0.0211475621908903,0.2634375095367431,0.0,1.0
medium,733,1733,577.6666666666666,733,-0.0608804412186145,0.2175000011920929,0.0,0.999999701976776
medium,734,1734,578.0,734,0.01468376070261,0.2268750071525573,0.0,0.4999999403953552
medium,735,1735,578.3333333333333,735,0.0106038562953472,0.2028124928474426,0.0,0.4999998807907104
medium,736,1736,578.6666666666666,736,-0.0229135528206825,0.6240624785423279,0.5,0.4999999403953552
medium,737,1737,579.0,737,-0.0505114085972309,0.3296875059604645,0.125,0.9999999403953552
medium,738,1738,579.3333333333333,738,0.0169797912240028,0.3221874833106994,0.0,0.5
medium,739,1739,579.6666666666666,739,-0.0777027755975723,0.2018750011920929,0.0,0.9999999403953552
medium,740,1740,580.0,740,-0.00031996704638,0.4050000011920929,0.25,0.4999999701976776
medium,741,1741,580.3333333333333,741,-0.0080566816031932,0.4840624928474426,0.125,0.9999999403953552
medium,742,1742,580.6666666666666,742,-0.0363384187221527,0.8046875,0.75,0.9999999403953552
medium,743,1743,581.0,743,0.0232638716697692,0.8028125166893005,0.75,0.5
medium,744,1744,581.3333333333333,744,0.0091321365907788,0.3565624952316284,0.0,0.9999999403953552
medium,745,1745,581.6666666666666,745,0.0177782140672206,0.5571874976158142,0.375,1.0
medium,746,1746,582.0,746,0.0036944597959518,0.4800000190734863,0.375,0.9999999403953552
medium,747,1747,582.3333333333333,747,-0.1081777960062027,0.3262500166893005,0.125,0.9999998807907104
medium,748,1748,582.6666666666666,748,-0.038581445813179,0.3199999928474426,0.0,0.9999999403953552
medium,749,1749,583.0,749,-0.0198981836438179,0.6421874761581421,0.5,0.5
medium,750,1750,583.3333333333333,750,-0.0145097933709621,0.34375,0.125,0.9999999403953552
medium,751,1751,583.6666666666666,751,-0.007143079303205,0.2221875041723251,0.0,0.5000000596046448
medium,752,1752,584.0,752,0.0063468739390373,0.625,0.5,0.5
medium,753,1753,584.3333333333333,753,-0.0106141250580549,0.5331249833106995,0.25,0.9999998211860656
medium,754,1754,584.6666666666666,754,-0.0221124533563852,0.4168750047683716,0.25,1.0
medium,755,1755,585.0,755,-0.0331683829426765,0.6068750023841858,0.5,0.5000002384185791
medium,756,1756,585.3333333333333,756,-0.0173033643513917,0.7118749618530273,0.625,0.5
medium,757,1757,585.6666666666666,757,0.0067967697978019,0.7021875381469727,0.625,0.4999999403953552
medium,758,1758,586.0,758,0.0309095904231071,0.6240624785423279,0.5,0.5
medium,759,1759,586.3333333333333,759,-0.012968860566616,0.7203124761581421,0.625,0.9999999403953552
medium,760,1760,586.6666666666666,760,-0.0135389156639575,0.9018750190734864,0.875,0.4999999403953552
medium,761,1761,587.0,761,0.0035939514636993,0.6109374761581421,0.5,0.5
medium,762,1762,587.3333333333333,762,-0.0114802382886409,0.5953124761581421,0.375,1.0
medium,763,1763,587.6666666666666,763,-0.0191506296396255,0.3190625011920929,0.125,0.9999998807907104
medium,764,1764,588.0,764,0.023096140474081,0.3740625083446502,0.125,0.9999998807907104
medium,765,1765,588.3333333333333,765,-0.0080178156495094,0.8418750166893005,0.75,0.4999999403953552
medium,766,1766,588.6666666666666,766,-0.0458868332207202,0.2134374976158142,0.0,1.0
medium,767,1767,589.0,767,-0.0364884957671165,0.2128125131130218,0.0,0.9999998211860656
medium,768,1768,589.3333333333333,768,0.0113055817782878,0.5103124976158142,0.25,1.0
medium,769,1769,589.6666666666666,769,-0.0082952044904232,0.589062511920929,0.375,0.9999999403953552
medium,770,1770,590.0,770,0.0028086230158805,0.7849999666213989,0.625,0.4999999403953552
medium,771,1771,590.3333333333333,771,0.0133847314864397,0.5356249809265137,0.375,1.0
medium,772,1772,590.6666666666666,772,-0.0530843511223793,0.800000011920929,0.75,0.5
medium,773,1773,591.0,773,0.0176476277410984,0.8081250190734863,0.75,0.5
medium,774,1774,591.3333333333333,774,0.0641377493739128,0.2912499904632568,0.0,0.9999999403953552
medium,775,1775,591.6666666666666,775,0.0107450392097234,0.8025000095367432,0.75,0.5
medium,776,1776,592.0,776,-0.0202995296567678,0.5796874761581421,0.375,1.0
medium,777,1777,592.3333333333333,777,0.008858785033226,0.6012499928474426,0.5,0.4999999701976776
medium,778,1778,592.6666666666666,778,0.0168678387999534,0.8090624809265137,0.75,0.5
medium,779,1779,593.0,779,0.0145247671753168,0.5,0.375,0.5
medium,780,1780,593.3333333333333,780,-0.0343932919204235,0.5921875238418579,0.5,0.4999999403953552
medium,781,1781,593.6666666666666,781,0.0028505902737379,0.8131250143051147,0.75,1.0
medium,782,1782,594.0,782,-0.0600146241486072,0.2184375077486038,0.0,0.9999997615814208
medium,783,1783,594.3333333333333,783,0.000171061605215,0.2512499988079071,0.0,0.9999998211860656
medium,784,1784,594.6666666666666,784,0.0099165253341197,0.6025000214576721,0.5,0.4999999701976776
medium,785,1785,595.0,785,-0.0084902755916118,0.71875,0.5,0.4999999701976776
medium,786,1786,595.3333333333333,786,-0.0349312461912632,0.332812488079071,0.125,0.9999999403953552
medium,787,1787,595.6666666666666,787,0.0062185358256101,0.301562488079071,0.125,1.0
medium,788,1788,596.0,788,0.019328037276864,0.5368750095367432,0.375,1.0
medium,789,1789,596.3333333333333,789,0.0190698895603418,0.3153125047683716,0.0,1.0
medium,790,1790,596.6666666666666,790,-0.0452520065009593,0.3371875286102295,0.125,1.0
medium,791,1791,597.0,791,-0.0382753759622573,0.2431250065565109,0.0,1.0000001192092896
medium,792,1792,597.3333333333333,792,0.0424433052539825,0.614062488079071,0.5,0.9999999403953552
medium,793,1793,597.6666666666666,793,0.0081056142225861,0.7109375,0.5,0.5
medium,794,1794,598.0,794,0.0003634579479694,0.7184374928474426,0.5,0.9999999403953552
medium,795,1795,598.3333333333333,795,-0.0119936689734458,0.3068749904632568,0.125,0.9999998807907104
medium,796,1796,598.6666666666666,796,-0.0254827234894037,0.3796875178813934,0.125,1.0
medium,797,1797,599.0,797,-0.0032674968242645,0.3968750238418579,0.125,1.0
medium,798,1798,599.3333333333333,798,-0.0131186172366142,0.3724999725818634,0.125,0.5
medium,799,1799,599.6666666666666,799,0.0147170219570398,0.2078125029802322,0.0,0.9999998807907104
medium,800,1800,600.0,800,-0.0207394268363714,0.6643750071525574,0.5,1.0
medium,801,1801,600.3333333333333,801,0.0006494224071502,0.6037499904632568,0.5,1.0
medium,802,1802,600.6666666666666,802,0.0073740128427743,0.8331249952316284,0.75,0.4999999403953552
medium,803,1803,601.0,803,-0.0235718935728073,0.4237499833106994,0.25,0.4999999403953552
medium,804,1804,601.3333333333333,804,0.0220550037920475,0.2593750059604645,0.0,1.0
medium,805,1805,601.6666666666666,805,-0.0512530356645584,0.7093750238418579,0.5,0.5
medium,806,1806,602.0,806,-0.0220291391015052,0.5368750095367432,0.375,0.9999998807907104
medium,807,1807,602.3333333333333,807,-0.0430649481713771,0.4534375071525574,0.25,1.0
medium,808,1808,602.6666666666666,808,-0.0308169964700937,0.7046874761581421,0.625,0.5
medium,809,1809,603.0,809,-0.0122174173593521,0.270000010728836,0.0,1.0
medium,810,1810,603.3333333333333,810,-0.0182047877460718,0.557812511920929,0.375,1.0
medium,811,1811,603.6666666666666,811,-0.0234344340860843,0.6087499856948853,0.5,0.4999999403953552
medium,812,1812,604.0,812,-0.0038140937685966,0.3500000238418579,0.125,1.0
medium,813,1813,604.3333333333333,813,-0.0095160193741321,0.4562499821186065,0.25,1.0
medium,814,1814,604.6666666666666,814,0.0487169027328491,0.2890625,0.0,0.9999999403953552
medium,815,1815,605.0,815,-0.0489306710660457,0.543749988079071,0.375,1.0
medium,816,1816,605.3333333333333,816,0.0058234818279743,0.699999988079071,0.625,0.5
medium,817,1817,605.6666666666666,817,-0.0227643642574548,0.6615625023841858,0.5,1.0
medium,818,1818,606.0,818,-0.019025020301342,0.4890625178813934,0.25,1.0
medium,819,1819,606.3333333333333,819,-0.0325375124812126,0.2899999916553497,0.0,1.0
medium,820,1820,606.6666666666666,820,-0.0319536514580249,0.3284375071525574,0.125,1.0
medium,821,1821,607.0,821,-0.0490756034851074,0.7109375,0.625,0.5
medium,822,1822,607.3333333333333,822,-0.0065981149673461,0.2849999964237213,0.0,0.9999998211860656
medium,823,1823,607.6666666666666,823,0.0078813377767801,0.2346875071525573,0.0,0.9999997615814208
medium,824,1824,608.0,824,0.0330682545900344,0.270312488079071,0.0,1.0
medium,825,1825,608.3333333333333,825,-0.0397069975733757,0.3209375143051147,0.125,1.0
medium,826,1826,608.6666666666666,826,-0.0521800108253955,0.4303124845027923,0.25,0.4999999701976776
medium,827,1827,609.0,827,0.0058263149112463,0.6028125286102295,0.5,0.5
medium,828,1828,609.3333333333333,828,-0.0428404659032821,0.3509375154972076,0.125,1.0
medium,829,1829,609.6666666666666,829,-0.0,1.0,1.0,0.0
medium,830,1830,610.0,830,-0.0321697629988193,0.2746874988079071,0.125,1.0
medium,831,1831,610.3333333333333,831,-0.0030870512127876,0.8087500333786011,0.75,0.5
medium,832,1832,610.6666666666666,832,0.0594284087419509,0.3100000023841858,0.0,0.9999997615814208
medium,833,1833,611.0,833,0.0283513627946376,0.4224999845027923,0.25,1.0
medium,834,1834,611.3333333333333,834,-0.064704805612564,0.1946875154972076,0.0,1.0
medium,835,1835,611.6666666666666,835,-0.0278284661471843,0.3165625035762787,0.125,0.4999999403953552
medium,836,1836,612.0,836,-0.0304845944046974,0.8365625143051147,0.75,1.0
medium,837,1837,612.3333333333333,837,-0.000985749065876,0.2143750041723251,0.0,0.9999998211860656
medium,838,1838,612.6666666666666,838,-0.0965801104903221,0.4018749892711639,0.125,1.0
medium,839,1839,613.0,839,-0.0239036194980144,0.4025000035762787,0.25,0.5
medium,840,1840,613.3333333333333,840,-0.0234472192823886,0.5065624713897705,0.375,0.9999999403953552
medium,841,1841,613.6666666666666,841,-0.0317078344523906,0.7040624618530273,0.625,1.0
medium,842,1842,614.0,842,0.0507852472364902,0.6568750143051147,0.5,0.4999999701976776
medium,843,1843,614.3333333333333,843,0.0003714077174663,0.6146875023841858,0.5,0.5
medium,844,1844,614.6666666666666,844,-0.02420224994421,0.8290625214576721,0.75,1.0
medium,845,1845,615.0,845,-0.0332100391387939,0.4209375083446502,0.25,0.9999999403953552
medium,846,1846,615.3333333333333,846,-0.0306308269500732,0.7440624833106995,0.625,0.5
medium,847,1847,615.6666666666666,847,0.017216233536601,0.2131249904632568,0.0,0.5
medium,848,1848,616.0,848,-0.0064850002527236,0.3106250166893005,0.125,1.0
medium,849,1849,616.3333333333333,849,-0.0166360307484865,0.2353124916553497,0.0,0.9999999403953552
medium,850,1850,616.6666666666666,850,-0.0054037868976593,0.5365625023841858,0.375,1.0
medium,851,1851,617.0,851,0.0108951553702354,0.7068749666213989,0.625,0.4999999403953552
medium,852,1852,617.3333333333333,852,-0.0628701448440551,0.3112500011920929,0.0,1.0
medium,853,1853,617.6666666666666,853,-0.0135555658489465,0.9021874666213988,0.875,0.4999999403953552
medium,854,1854,618.0,854,-0.0551812537014484,0.3762499988079071,0.125,1.0
medium,855,1855,618.3333333333333,855,-0.0,1.0,1.0,0.0
medium,856,1856,618.6666666666666,856,0.0330522172152996,0.2925000190734863,0.0,0.9999999403953552
medium,857,1857,619.0,857,-0.0437975078821182,0.3549999892711639,0.0,0.9999998807907104
medium,858,1858,619.3333333333333,858,-0.0042866691946983,0.7271875143051147,0.625,1.0
medium,859,1859,619.6666666666666,859,0.0127055048942565,0.6109374761581421,0.5,0.5000000596046448
medium,860,1860,620.0,860,-0.0505779907107353,0.213125005364418,0.0,1.000000238418579
medium,861,1861,620.3333333333333,861,0.0252827517688274,0.5434374809265137,0.375,1.0
medium,862,1862,620.6666666666666,862,-0.0304249413311481,0.6087499856948853,0.5,0.5000000596046448
medium,863,1863,621.0,863,-0.0142773725092411,0.3037500083446502,0.125,0.9999999403953552
medium,864,1864,621.3333333333333,864,0.0146406609565019,0.3346875011920929,0.125,0.9999999403953552
medium,865,1865,621.6666666666666,865,-0.0078800693154335,0.3284375071525574,0.125,1.0
medium,866,1866,622.0,866,0.000446617603302,0.504687488079071,0.375,1.0
medium,867,1867,622.3333333333333,867,-0.0498740524053573,0.559374988079071,0.375,0.9999999403953552
medium,868,1868,622.6666666666666,868,-0.0153821669518947,0.2840625047683716,0.0,0.4999999403953552
medium,869,1869,623.0,869,0.0108246207237243,0.6268750429153442,0.5,0.5
medium,870,1870,623.3333333333333,870,-0.0029288083314895,0.2318750172853469,0.0,1.0000001192092896
medium,871,1871,623.6666666666666,871,-0.0063885748386383,0.2856249809265136,0.0,0.9999998807907104
medium,872,1872,624.0,872,-0.019136318936944,0.6334375143051147,0.5,1.0
medium,873,1873,624.3333333333333,873,0.0009543895721435,0.2478125095367431,0.0,1.0
medium,874,1874,624.6666666666666,874,-0.0112751554697752,0.4103125035762787,0.125,1.0
medium,875,1875,625.0,875,0.0166390556842088,0.4781250357627868,0.25,1.0
medium,876,1876,625.3333333333333,876,6.499886512756348e-05,0.7534375190734863,0.625,0.5
medium,877,1877,625.6666666666666,877,-0.0110891535878181,0.2378124892711639,0.0,0.4999999701976776
medium,878,1878,626.0,878,-0.0135060641914606,0.5528124570846558,0.375,1.0
medium,879,1879,626.3333333333333,879,-0.0458616688847541,0.926562488079071,0.875,0.5
medium,880,1880,626.6666666666666,880,-0.0254824981093406,0.502500057220459,0.375,1.0
medium,881,1881,627.0,881,-0.0040038600564002,0.6084374785423279,0.5,0.5000001192092896
medium,882,1882,627.3333333333333,882,-0.0754809826612472,0.4190624952316284,0.25,1.0
medium,883,1883,627.6666666666666,883,-0.0418732389807701,0.270000010728836,0.0,0.4999999701976776
medium,884,1884,628.0,884,-0.0176487676799297,0.3259375095367431,0.125,1.0
medium,885,1885,628.3333333333333,885,-0.0,0.6000000238418579,0.5,0.0
medium,886,1886,628.6666666666666,886,-0.0053814742714166,0.6265624761581421,0.5,0.4999999701976776
medium,887,1887,629.0,887,-0.0,0.6000000238418579,0.5,0.0
medium,888,1888,629.3333333333333,888,-0.0499770119786262,0.5165624618530273,0.375,1.0
medium,889,1889,629.6666666666666,889,-0.0487963892519474,0.2109375,0.0,1.0
medium,890,1890,630.0,890,-0.0178923979401588,0.8309375047683716,0.75,1.0
medium,891,1891,630.3333333333333,891,0.0104149058461189,0.4650000035762787,0.375,1.0
medium,892,1892,630.6666666666666,892,-0.0,0.2012500017881393,0.0,0.0
medium,893,1893,631.0,893,-0.038889966905117,0.4275000095367431,0.25,1.0
medium,894,1894,631.3333333333333,894,-0.0131973586976528,0.5065625309944153,0.375,0.5
medium,895,1895,631.6666666666666,895,-0.0155026838183403,0.2028124928474426,0.0,0.4999998211860657
medium,896,1896,632.0,896,-0.0527983196079731,0.2771875262260437,0.0,0.9999999403953552
medium,897,1897,632.3333333333333,897,-0.0107052791863679,0.7087500095367432,0.625,1.0
medium,898,1898,632.6666666666666,898,-0.0296735018491745,0.4243749678134918,0.25,0.5
medium,899,1899,633.0,899,-0.0356483459472656,0.5450000166893005,0.375,1.0
medium,900,1900,633.3333333333333,900,-0.0155519340187311,0.3390625119209289,0.125,0.5
medium,901,1901,633.6666666666666,901,0.0168168172240257,0.5346875190734863,0.375,1.0
medium,902,1902,634.0,902,-0.0007242038846015,0.8999999761581421,0.875,0.5
medium,903,1903,634.3333333333333,903,-0.0080645829439163,0.3068750202655792,0.125,0.4999999403953552
medium,904,1904,634.6666666666666,904,-0.0297008957713842,0.5137499570846558,0.375,1.0
medium,905,1905,635.0,905,0.0170482210814952,0.3143750131130218,0.0,0.5
medium,906,1906,635.3333333333333,906,-0.0013330355286598,0.3134375214576721,0.0,1.0
medium,907,1907,635.6666666666666,907,-0.0250082369893789,0.4150000214576721,0.25,1.0
medium,908,1908,636.0,908,-0.0329750180244445,0.2153124958276748,0.0,1.0000001192092896
medium,909,1909,636.3333333333333,909,0.0193713717162609,0.4409374892711639,0.25,0.4999999701976776
medium,910,1910,636.6666666666666,910,0.0016444604843854,0.2150000035762787,0.0,1.0
medium,911,1911,637.0,911,-0.0182899516075849,0.7081249952316284,0.625,0.4999999403953552
medium,912,1912,637.3333333333333,912,-0.0044907471165061,0.5915625095367432,0.375,1.0
medium,913,1913,637.6666666666666,913,-0.0654921904206276,0.7665624618530273,0.625,1.0
medium,914,1914,638.0,914,-0.0261012613773345,0.6412500143051147,0.5,0.4999999701976776
medium,915,1915,638.3333333333333,915,-0.06526380777359,0.3006249964237213,0.125,1.0
medium,916,1916,638.6666666666666,916,-0.0116804940626025,0.6440625190734863,0.5,0.5
medium,917,1917,639.0,917,0.0119067654013633,0.6037499904632568,0.5,0.5
medium,918,1918,639.3333333333333,918,-0.0406823121011257,0.2228125035762787,0.0,0.9999998807907104
medium,919,1919,639.6666666666666,919,-0.0115388743579387,0.7112500071525574,0.625,0.4999999403953552
medium,920,1920,640.0,920,0.0618169456720352,0.3506249785423279,0.125,1.0
medium,921,1921,640.3333333333333,921,0.0123226270079612,0.207500010728836,0.0,0.5
medium,922,1922,640.6666666666666,922,0.0441059544682502,0.2434374988079071,0.0,0.9999999403953552
medium,923,1923,641.0,923,-0.001462260261178,0.5253125429153442,0.375,1.0
medium,924,1924,641.3333333333333,924,-0.0370786115527153,0.5218750238418579,0.375,0.9999999403953552
medium,925,1925,641.6666666666666,925,-0.0418226048350334,0.643750011920929,0.5,0.4999999403953552
medium,926,1926,642.0,926,-0.0191584844142198,0.535937488079071,0.375,1.0
medium,927,1927,642.3333333333333,927,0.0078978985548019,0.7043750286102295,0.625,0.5
medium,928,1928,642.6666666666666,928,-0.0793782472610473,0.3746874928474426,0.0,1.0
medium,929,1929,643.0,929,-0.0208398345857858,0.3021875023841858,0.0,0.9999999403953552
medium,930,1930,643.3333333333333,930,-0.0259444341063499,0.4834375083446502,0.25,1.0
medium,931,1931,643.6666666666666,931,0.0278745368123054,0.6153125166893005,0.5,0.5
medium,932,1932,644.0,932,-0.0,0.6575000286102295,0.5,0.0
medium,933,1933,644.3333333333333,933,-0.0558546520769596,0.5796874761581421,0.375,1.0
medium,934,1934,644.6666666666666,934,0.0093867033720016,0.6990624666213989,0.5,0.4999998807907104
medium,935,1935,645.0,935,-0.0296143665909767,0.4156249761581421,0.125,1.000000238418579
medium,936,1936,645.3333333333333,936,-0.0080828759819269,0.5871874690055847,0.375,1.0
medium,937,1937,645.6666666666666,937,0.0226232334971427,0.6003124713897705,0.5,0.5
medium,938,1938,646.0,938,-0.0484736189246177,0.2034375071525573,0.0,1.0
medium,939,1939,646.3333333333333,939,0.0061648972332477,0.3131250143051147,0.0,1.000000238418579
medium,940,1940,646.6666666666666,940,-0.0548528395593166,0.6003124713897705,0.5,0.5
medium,941,1941,647.0,941,-0.0007681883871555,0.9003124833106995,0.875,0.5
medium,942,1942,647.3333333333333,942,-0.0619413815438747,0.4471874833106994,0.25,1.0
medium,943,1943,647.6666666666666,943,0.0302115678787231,0.5006250143051147,0.375,1.0
medium,944,1944,648.0,944,-0.0288146063685417,0.3115625083446502,0.125,1.0
medium,945,1945,648.3333333333333,945,-0.0354826673865318,0.4421875178813934,0.25,1.000000238418579
medium,946,1946,648.6666666666666,946,0.0123690292239189,0.4675000309944153,0.25,1.0
medium,947,1947,649.0,947,-0.0001237839460372,0.5040624737739563,0.375,0.9999999403953552
medium,948,1948,649.3333333333333,948,-0.0404407307505607,0.238750010728836,0.0,0.9999998807907104
medium,949,1949,649.6666666666666,949,0.0196175649762153,0.5371875166893005,0.375,1.0
medium,950,1950,650.0,950,-0.0893051102757453,0.3187500238418579,0.0,1.0
medium,951,1951,650.3333333333333,951,-0.0,0.7224999666213989,0.5,0.0
medium,952,1952,650.6666666666666,952,0.0144717842340469,0.3050000071525574,0.125,0.5000000596046448
medium,953,1953,651.0,953,0.0116171203553676,0.5146874785423279,0.375,1.0
medium,954,1954,651.3333333333333,954,-0.0190696120262146,0.2809374928474426,0.0,1.000000238418579
medium,955,1955,651.6666666666666,955,-0.0419741347432136,0.9159374833106996,0.875,0.5
medium,956,1956,652.0,956,-0.0251584239304065,0.2121874988079071,0.0,0.9999997615814208
medium,957,1957,652.3333333333333,957,-0.0044761449098587,0.4018750190734863,0.25,1.0
medium,958,1958,652.6666666666666,958,-0.0031957402825355,0.6512500047683716,0.5,0.5
medium,959,1959,653.0,959,-0.0313146859407424,0.2121874988079071,0.0,1.0000001192092896
medium,960,1960,653.3333333333333,960,-0.0325607322156429,0.6884374618530273,0.5,0.4999999403953552
medium,961,1961,653.6666666666666,961,0.0044964514672756,0.9037500023841858,0.875,0.5
medium,962,1962,654.0,962,-0.0609828978776931,0.2675000131130218,0.0,0.9999999403953552
medium,963,1963,654.3333333333333,963,0.0303169190883636,0.4031250178813934,0.25,0.9999996423721312
medium,964,1964,654.6666666666666,964,-0.0201130732893943,0.7287499904632568,0.625,1.0
medium,965,1965,655.0,965,0.0206388775259256,0.4428125023841858,0.25,1.0000004768371582
medium,966,1966,655.3333333333333,966,0.0030612982809543,0.6009374856948853,0.5,0.5
medium,967,1967,655.6666666666666,967,-0.0110821463167667,0.5506249666213989,0.375,1.0
medium,968,1968,656.0,968,-0.0293776728212833,0.3284375071525574,0.125,0.9999998211860656
medium,969,1969,656.3333333333333,969,0.0206109955906867,0.6496875286102295,0.5,0.4999999701976776
medium,970,1970,656.6666666666666,970,0.0456948578357696,0.4068750143051147,0.25,1.0
medium,971,1971,657.0,971,-0.0227269306778907,0.653124988079071,0.5,0.4999999403953552
medium,972,1972,657.3333333333333,972,-0.0118181239813566,0.6315624713897705,0.5,0.5
medium,973,1973,657.6666666666666,973,-0.031274564564228,0.7393749952316284,0.625,1.0
medium,974,1974,658.0,974,-0.0290163997560739,0.53125,0.375,1.0
medium,975,1975,658.3333333333333,975,-0.0461381450295448,0.2362499982118606,0.0,1.0
medium,976,1976,658.6666666666666,976,-0.00555856898427,0.4703125059604645,0.25,0.9999998807907104
medium,977,1977,659.0,977,-0.0177340321242809,0.6256250143051147,0.5,0.4999999403953552
medium,978,1978,659.3333333333333,978,-0.0131959877908229,0.5540624856948853,0.375,1.0
medium,979,1979,659.6666666666666,979,-0.0309183746576309,0.2081249952316284,0.0,0.5000000596046448
medium,980,1980,660.0,980,-0.0176004469394683,0.3203125,0.125,0.4999999403953552
medium,981,1981,660.3333333333333,981,-0.0137678496539592,0.4090625047683716,0.25,1.000000238418579
medium,982,1982,660.6666666666666,982,-0.0224742367863655,0.6581249833106995,0.5,0.5000001788139343
medium,983,1983,661.0,983,-0.0250477250665426,0.2424999922513961,0.0,1.0
medium,984,1984,661.3333333333333,984,-0.0543459355831146,0.4031250178813934,0.25,1.0
medium,985,1985,661.6666666666666,985,-0.0013215765357017,0.4578125178813934,0.25,1.0
medium,986,1986,662.0,986,0.0423037856817245,0.6643749475479126,0.5,1.0
medium,987,1987,662.3333333333333,987,-0.0027020797133445,0.7015625238418579,0.625,0.4999999403953552
medium,988,1988,662.6666666666666,988,-0.0069109499454498,0.5434374809265137,0.375,1.0
medium,989,1989,663.0,989,-0.0037517584860324,0.4759374856948852,0.375,1.0
medium,990,1990,663.3333333333333,990,-0.0187307596206665,0.3284375071525574,0.125,1.0000001192092896
medium,991,1991,663.6666666666666,991,-0.0303664859384298,0.7287499904632568,0.625,1.0
medium,992,1992,664.0,992,0.0288670230656862,0.5062500238418579,0.375,0.5
medium,993,1993,664.3333333333333,993,-0.0061092795804142,0.8006250262260437,0.75,0.5
medium,994,1994,664.6666666666666,994,-0.0756504014134407,0.4571875035762787,0.25,1.000000238418579
medium,995,1995,665.0,995,-0.0128907524049282,0.5165625214576721,0.375,1.0
medium,996,1996,665.3333333333333,996,0.0086318477988243,0.3137499988079071,0.0,0.5
medium,997,1997,665.6666666666666,997,0.010667722672224,0.7053124904632568,0.625,0.5
medium,998,1998,666.0,998,0.0220425240695476,0.2065625041723251,0.0,0.9999997615814208
medium,999,1999,666.3333333333333,999,-0.0289929956197738,0.228750005364418,0.0,1.0000001192092896
medium,1000,2000,666.6666666666666,1000,-0.0329584553837776,0.5078125,0.375,0.5
hard,1,2001,667.0,1,0.0061177015304565,0.2368749976158142,0.0,0.5
hard,2,2002,667.3333333333333,2,-0.0239382646977901,0.2056249976158142,0.0,0.5
hard,3,2003,667.6666666666666,3,-0.0233871266245841,0.2162500023841858,0.0,0.4999999403953552
hard,4,2004,668.0,4,-0.0096685700118541,0.6859375238418579,0.5,0.4999999701976776
hard,5,2005,668.3333333333333,5,-0.0759041607379913,0.3684375286102295,0.125,0.9999999403953552
hard,6,2006,668.6666666666666,6,-0.0482583120465278,0.3384374976158142,0.125,0.9999999403953552
hard,7,2007,669.0,7,-0.0386289842426776,0.3715624809265136,0.125,1.0000001192092896
hard,8,2008,669.3333333333333,8,-0.0934424921870231,0.5543749928474426,0.375,1.0
hard,9,2009,669.6666666666666,9,-0.0582850836217403,0.2643750011920929,0.0,1.0
hard,10,2010,670.0,10,-0.0062687918543815,0.3115624785423279,0.125,1.0
hard,11,2011,670.3333333333333,11,-0.048071265220642,0.3149999976158142,0.125,1.000000238418579
hard,12,2012,670.6666666666666,12,-0.0040529705584049,0.2459374964237213,0.0,0.9999998807907104
hard,13,2013,671.0,13,-0.074433833360672,0.25,0.0,1.0
hard,14,2014,671.3333333333333,14,0.0179478116333484,0.3331249952316284,0.125,1.0
hard,15,2015,671.6666666666666,15,-0.0577870607376098,0.4803124666213989,0.375,1.0
hard,16,2016,672.0,16,0.0058202892541885,0.2237500101327896,0.0,0.9999996423721312
hard,17,2017,672.3333333333333,17,0.0037385858595371,0.2228125035762787,0.0,0.5
hard,18,2018,672.6666666666666,18,-0.02549958974123,0.2318750023841858,0.0,0.4999999403953552
hard,19,2019,673.0,19,-0.065987691283226,0.5193749666213989,0.25,1.0
hard,20,2020,673.3333333333333,20,-0.0220787785947322,0.1949999928474426,0.0,0.9999998807907104
hard,21,2021,673.6666666666666,21,-0.0326471775770187,0.3146874904632568,0.125,1.0
hard,22,2022,674.0,22,-0.0111112743616104,0.2481249868869781,0.0,0.4999999403953552
hard,23,2023,674.3333333333333,23,-0.052160020917654,0.2278124988079071,0.0,1.0
hard,24,2024,674.6666666666666,24,-0.025112684816122,0.4562500119209289,0.25,0.9999998807907104
hard,25,2025,675.0,25,-0.035927228629589,0.653124988079071,0.5,0.9999998807907104
hard,26,2026,675.3333333333333,26,-0.0206695832312107,0.2006250023841858,0.0,0.9999999403953552
hard,27,2027,675.6666666666666,27,0.0215790271759033,0.2293749898672104,0.0,0.9999999403953552
hard,28,2028,676.0,28,-0.0337245687842369,0.2487499862909317,0.0,0.9999998807907104
hard,29,2029,676.3333333333333,29,-0.0729644447565078,0.5074999928474426,0.375,1.0
hard,30,2030,676.6666666666666,30,0.0131501443684101,0.2196875065565109,0.0,1.0
hard,31,2031,677.0,31,-0.0774240493774414,0.2037499994039535,0.0,0.9999998807907104
hard,32,2032,677.3333333333333,32,-0.0687456950545311,0.2128125131130218,0.0,0.9999997615814208
hard,33,2033,677.6666666666666,33,-0.0284623149782419,0.2053124904632568,0.0,0.5
hard,34,2034,678.0,34,-0.0010190643370151,0.3090624809265136,0.0,0.9999998807907104
hard,35,2035,678.3333333333333,35,-0.0586481504142284,0.6425000429153442,0.5,0.4999999701976776
hard,36,2036,678.6666666666666,36,0.0039130970835685,0.2056249976158142,0.0,1.0
hard,37,2037,679.0,37,-0.0451386868953704,0.2718749940395355,0.0,1.0
hard,38,2038,679.3333333333333,38,-0.0531730614602565,0.2428125143051147,0.0,0.9999999403953552
hard,39,2039,679.6666666666666,39,-0.029338963329792,0.2181250005960464,0.0,1.0
hard,40,2040,680.0,40,-0.0358261689543724,0.3421874940395355,0.0,1.0
hard,41,2041,680.3333333333333,41,-0.0302029121667146,0.6078125238418579,0.5,0.5
hard,42,2042,680.6666666666666,42,-0.0152983367443084,0.2209374904632568,0.0,0.9999999403953552
hard,43,2043,681.0,43,-0.0150911919772624,0.2706249952316284,0.0,1.0
hard,44,2044,681.3333333333333,44,-0.0217018313705921,0.3084375262260437,0.0,0.9999998807907104
hard,45,2045,681.6666666666666,45,0.0197853259742259,0.2359375059604644,0.0,0.9999999403953552
hard,46,2046,682.0,46,0.0338753685355186,0.3781250119209289,0.0,1.0
hard,47,2047,682.3333333333333,47,-0.0436746217310428,0.1793749928474426,0.0,1.0
hard,48,2048,682.6666666666666,48,0.0333636105060577,0.2849999964237213,0.0,1.0
hard,49,2049,683.0,49,0.0167539715766906,0.2515625059604645,0.0,1.0
hard,50,2050,683.3333333333333,50,-0.0232695192098617,0.703125,0.625,1.0
hard,51,2051,683.6666666666666,51,-0.0155242644250392,0.2040624916553497,0.0,0.4999997019767761
hard,52,2052,684.0,52,0.0059265680611133,0.2349999845027923,0.0,0.9999997615814208
hard,53,2053,684.3333333333333,53,0.0087977834045887,0.278124988079071,0.0,0.9999999403953552
hard,54,2054,684.6666666666666,54,-0.0242426097393035,0.3146874904632568,0.125,0.9999999403953552
hard,55,2055,685.0,55,-0.0390143096446991,0.2053124904632568,0.0,0.5
hard,56,2056,685.3333333333333,56,-0.0092993937432765,0.2259375005960464,0.0,0.9999998807907104
hard,57,2057,685.6666666666666,57,-0.0241422280669212,0.3528124988079071,0.125,0.9999999403953552
hard,58,2058,686.0,58,0.0119386985898017,0.1934374868869781,0.0,1.0
hard,59,2059,686.3333333333333,59,-0.0509185642004013,0.2584375143051147,0.0,1.0
hard,60,2060,686.6666666666666,60,-0.0084087178111076,0.239062488079071,0.0,1.0000001192092896
hard,61,2061,687.0,61,0.0221354663372039,0.2334375083446502,0.0,0.4999999701976776
hard,62,2062,687.3333333333333,62,0.0193259436637163,0.2706249952316284,0.0,1.0
hard,63,2063,687.6666666666666,63,-0.0570651665329933,0.6106250286102295,0.5,0.5
hard,64,2064,688.0,64,-0.0675356239080429,0.2125000059604644,0.0,1.0
hard,65,2065,688.3333333333333,65,-0.0747357681393623,0.3146874904632568,0.125,1.0
hard,66,2066,688.6666666666666,66,0.0269152205437421,0.2587499916553497,0.0,1.0
hard,67,2067,689.0,67,0.0117164961993694,0.6059374809265137,0.5,0.4999999701976776
hard,68,2068,689.3333333333333,68,0.0037715435028076,0.2565625011920929,0.0,0.5
hard,69,2069,689.6666666666666,69,-0.0374521985650062,0.3928124904632568,0.125,1.0
hard,70,2070,690.0,70,-0.0534061901271343,0.2118749916553497,0.0,0.5
hard,71,2071,690.3333333333333,71,-0.0746446475386619,0.4212500154972076,0.25,0.9999999403953552
hard,72,2072,690.6666666666666,72,-0.0303893219679594,0.3415624797344208,0.0,0.9999999403953552
hard,73,2073,691.0,73,-0.0737142115831375,0.2734375,0.0,1.0
hard,74,2074,691.3333333333333,74,-0.0684374198317527,0.4153124988079071,0.25,1.0
hard,75,2075,691.6666666666666,75,-0.0090944878756999,0.2749999761581421,0.0,0.9999999403953552
hard,76,2076,692.0,76,-0.007614167407155,0.2612500190734863,0.0,0.9999997615814208
hard,77,2077,692.3333333333333,77,-0.0115208365023136,0.2584375143051147,0.0,0.9999999403953552
hard,78,2078,692.6666666666666,78,-0.001542579382658,0.1906249970197677,0.0,1.0
hard,79,2079,693.0,79,-0.0699651986360549,0.2571874856948852,0.0,1.0
hard,80,2080,693.3333333333333,80,-0.0181934647262096,0.4003125131130218,0.25,0.5
hard,81,2081,693.6666666666666,81,-0.0512886084616184,0.5006250143051147,0.375,1.0
hard,82,2082,694.0,82,-0.024156155064702,0.2540625035762787,0.0,0.5
hard,83,2083,694.3333333333333,83,-0.0,0.2000000029802322,0.0,0.0
hard,84,2084,694.6666666666666,84,-0.0264808610081672,0.3268750011920929,0.0,0.4999998807907104
hard,85,2085,695.0,85,-0.0369920469820499,0.5071874856948853,0.375,1.0
hard,86,2086,695.3333333333333,86,0.0033689923584461,0.2315624952316284,0.0,1.0
hard,87,2087,695.6666666666666,87,-0.0075491108000278,0.3174999952316284,0.125,0.9999999403953552
hard,88,2088,696.0,88,-0.0726023688912391,0.2699999809265136,0.0,1.000000238418579
hard,89,2089,696.3333333333333,89,-0.016998142004013,0.2106249928474426,0.0,0.4999999105930328
hard,90,2090,696.6666666666666,90,-0.0283205956220626,0.3156250119209289,0.0,1.0
hard,91,2091,697.0,91,0.0680960714817047,0.2203125059604644,0.0,1.0
hard,92,2092,697.3333333333333,92,0.0075208693742752,0.2668750286102295,0.0,0.9999997615814208
hard,93,2093,697.6666666666666,93,-0.0489214695990085,0.3393750190734863,0.125,0.9999998807907104
hard,94,2094,698.0,94,-0.1380533277988433,0.3837500214576721,0.25,0.9999999403953552
hard,95,2095,698.3333333333333,95,-0.0446384325623512,0.3165625035762787,0.125,0.4999999105930328
hard,96,2096,698.6666666666666,96,-0.0163466650992631,0.2193749845027923,0.0,1.0
hard,97,2097,699.0,97,-0.0514041669666767,0.2215625047683715,0.0,1.0
hard,98,2098,699.3333333333333,98,-0.0547796115279197,0.2724999785423279,0.0,1.0
hard,99,2099,699.6666666666666,99,-0.0459799282252788,0.4093750119209289,0.125,1.0
hard,100,2100,700.0,100,-0.0294202901422977,0.2921875119209289,0.0,1.0
hard,101,2101,700.3333333333333,101,-0.0682991072535514,0.2303124964237213,0.0,0.9999998807907104
hard,102,2102,700.6666666666666,102,0.008296750485897,0.3209375143051147,0.0,0.9999999403953552
hard,103,2103,701.0,103,-0.0248913913965225,0.2096875011920929,0.0,0.9999999403953552
hard,104,2104,701.3333333333333,104,-0.0078243799507617,0.5581250190734863,0.375,1.0
hard,105,2105,701.6666666666666,105,-0.0470064096152782,0.4743750095367431,0.25,1.0
hard,106,2106,702.0,106,-0.0390873998403549,0.2337500005960464,0.0,1.0
hard,107,2107,702.3333333333333,107,0.0080597698688507,0.2284374982118606,0.0,0.9999999403953552
hard,108,2108,702.6666666666666,108,-0.0196828991174697,0.203125,0.0,0.9999998807907104
hard,109,2109,703.0,109,-0.0066921431571245,0.5456249713897705,0.375,0.9999999403953552
hard,110,2110,703.3333333333333,110,-0.0144222453236579,0.2368749976158142,0.0,0.9999998807907104
hard,111,2111,703.6666666666666,111,-0.0426777228713035,0.528124988079071,0.375,0.4999999403953552
hard,112,2112,704.0,112,-0.0521404072642326,0.254375010728836,0.0,1.0
hard,113,2113,704.3333333333333,113,-0.0048167202621698,0.53125,0.375,1.0
hard,114,2114,704.6666666666666,114,-0.0214968957006931,0.3015625178813934,0.125,0.5
hard,115,2115,705.0,115,0.0017021596431732,0.3265624940395355,0.125,1.0
hard,116,2116,705.3333333333333,116,-0.0524930283427238,0.2325000017881393,0.0,0.9999998807907104
hard,117,2117,705.6666666666666,117,-0.04228276014328,0.4303125143051147,0.25,1.0
hard,118,2118,706.0,118,-0.0186101868748664,0.2756249904632568,0.0,1.0
hard,119,2119,706.3333333333333,119,-0.0689776241779327,0.2334375083446502,0.0,0.9999998807907104
hard,120,2120,706.6666666666666,120,-0.0357133187353611,0.2215625047683715,0.0,0.5
hard,121,2121,707.0,121,-0.0242307782173156,0.2440625131130218,0.0,0.5
hard,122,2122,707.3333333333333,122,0.0544283986091613,0.1909374892711639,0.0,1.0
hard,123,2123,707.6666666666666,123,-0.0171344392001628,0.2325000017881393,0.0,0.9999998807907104
hard,124,2124,708.0,124,-0.0045928880572319,0.2315624952316284,0.0,0.5
hard,125,2125,708.3333333333333,125,-0.0133534464985132,0.4493750035762787,0.25,1.0
hard,126,2126,708.6666666666666,126,-0.0653012990951538,0.3103125095367431,0.125,1.0
hard,127,2127,709.0,127,-0.0326370447874069,0.262499988079071,0.0,0.9999999403953552
hard,128,2128,709.3333333333333,128,0.0479293651878833,0.3140624761581421,0.0,1.0
hard,129,2129,709.6666666666666,129,0.0390187092125415,0.2115624994039535,0.0,1.0
hard,130,2130,710.0,130,-0.0655015036463737,0.241249993443489,0.0,1.0
hard,131,2131,710.3333333333333,131,0.0247476175427436,0.2524999976158142,0.0,1.0
hard,132,2132,710.6666666666666,132,0.0066421404480934,0.6681250333786011,0.5,0.5
hard,133,2133,711.0,133,0.0900831148028373,0.2821875214576721,0.0,1.0
hard,134,2134,711.3333333333333,134,-0.0022872313857078,0.3343749940395355,0.0,0.9999999403953552
hard,135,2135,711.6666666666666,135,-0.0541005209088325,0.3268750011920929,0.0,1.0
hard,136,2136,712.0,136,-0.0035975780338048,0.2240625023841858,0.0,0.5
hard,137,2137,712.3333333333333,137,0.0246947817504405,0.3925000131130218,0.25,0.9999999403953552
hard,138,2138,712.6666666666666,138,-0.0057300142943859,0.4328125119209289,0.0,0.9999995827674866
hard,139,2139,713.0,139,-0.0204151831567287,0.21875,0.0,0.5
hard,140,2140,713.3333333333333,140,-0.1257466226816177,0.2081250101327896,0.0,0.9999999403953552
hard,141,2141,713.6666666666666,141,0.0060739517211914,0.4562500119209289,0.25,1.0
hard,142,2142,714.0,142,-0.0253112129867076,0.2606250047683716,0.0,1.0
hard,143,2143,714.3333333333333,143,-0.0215681158006191,0.2103125005960464,0.0,0.9999999403953552
hard,144,2144,714.6666666666666,144,-0.0061527267098426,0.233437493443489,0.0,0.9999999403953552
hard,145,2145,715.0,145,-0.0089685544371604,0.625,0.5,0.5
hard,146,2146,715.3333333333333,146,0.0131343156099319,0.2056249976158142,0.0,0.9999999403953552
hard,147,2147,715.6666666666666,147,-0.0121947582811117,0.2912499904632568,0.0,1.0
hard,148,2148,716.0,148,-0.0282732546329498,0.6234375238418579,0.5,0.5000001192092896
hard,149,2149,716.3333333333333,149,-0.0191492959856987,0.3162499964237213,0.125,0.9999999403953552
hard,150,2150,716.6666666666666,150,-0.040714006870985,0.1906250119209289,0.0,0.9999999403953552
hard,151,2151,717.0,151,0.0393706783652305,0.2950000166893005,0.0,1.0
hard,152,2152,717.3333333333333,152,0.0479900985956192,0.2315624952316284,0.0,0.9999999403953552
hard,153,2153,717.6666666666666,153,-0.026113973930478,0.2349999994039535,0.0,0.9999998807907104
hard,154,2154,718.0,154,-0.0228615570813417,0.2874999940395355,0.0,1.0
hard,155,2155,718.3333333333333,155,-0.0594614446163177,0.4071874916553497,0.25,0.5
hard,156,2156,718.6666666666666,156,0.0360915884375572,0.2196875065565109,0.0,0.9999998211860656
hard,157,2157,719.0,157,-0.0836351513862609,0.4262499809265136,0.25,1.0
hard,158,2158,719.3333333333333,158,-0.0549208372831344,0.2106250077486038,0.0,1.0000001192092896
hard,159,2159,719.6666666666666,159,-0.0748087614774704,0.1950000077486038,0.0,0.9999998807907104
hard,160,2160,720.0,160,-0.0019409507513046,0.6440625190734863,0.5,0.5
hard,161,2161,720.3333333333333,161,-0.046813067048788,0.3465625047683716,0.0,0.4999999403953552
hard,162,2162,720.6666666666666,162,-0.0129326805472373,0.262499988079071,0.0,0.9999999403953552
hard,163,2163,721.0,163,-0.0432346314191818,0.2753125131130218,0.0,1.0
hard,164,2164,721.3333333333333,164,-0.0018434133380651,0.4003125131130218,0.25,0.5
hard,165,2165,721.6666666666666,165,0.0134985446929931,0.3303124904632568,0.125,1.0
hard,166,2166,722.0,166,-0.0,0.2849999964237213,0.0,0.0
hard,167,2167,722.3333333333333,167,-0.0295172072947025,0.4250000119209289,0.125,1.0
hard,168,2168,722.6666666666666,168,-0.0433072410523891,0.4468749761581421,0.25,1.0
hard,169,2169,723.0,169,-0.0207232628017663,0.3228124976158142,0.125,0.4999999701976776
hard,170,2170,723.3333333333333,170,0.0402768701314926,0.2056249976158142,0.0,0.5000000596046448
hard,171,2171,723.6666666666666,171,0.0060723647475242,0.2581250071525574,0.0,1.0
hard,172,2172,724.0,172,-0.0381785184144973,0.2134374976158142,0.0,0.9999997615814208
hard,173,2173,724.3333333333333,173,0.0602323450148105,0.3193750083446502,0.125,1.0
hard,174,2174,724.6666666666666,174,0.0001222230494022,0.2340624928474426,0.0,1.0000001192092896
hard,175,2175,725.0,175,-0.0424620136618614,0.2262499928474426,0.0,1.0
hard,176,2176,725.3333333333333,176,-0.0379035174846649,0.703125,0.5,0.5
hard,177,2177,725.6666666666666,177,0.0480840504169464,0.3084375262260437,0.125,0.9999999403953552
hard,178,2178,726.0,178,-0.0550962388515472,0.2634375095367431,0.0,0.9999999403953552
hard,179,2179,726.3333333333333,179,-0.0409265831112861,0.2399999946355819,0.0,1.0
hard,180,2180,726.6666666666666,180,-0.0405689477920532,0.301562488079071,0.0,1.0000001192092896
hard,181,2181,727.0,181,-0.024207092821598,0.4231250286102295,0.25,1.0
hard,182,2182,727.3333333333333,182,0.0659422427415847,0.2081249952316284,0.0,1.0
hard,183,2183,727.6666666666666,183,-0.025347750633955,0.1950000077486038,0.0,0.9999999403953552
hard,184,2184,728.0,184,0.0158929824829101,0.2112500071525573,0.0,0.5
hard,185,2185,728.3333333333333,185,0.0091885700821876,0.2199999988079071,0.0,0.5000000596046448
hard,186,2186,728.6666666666666,186,-0.014002114534378,0.4484375119209289,0.25,1.0
hard,187,2187,729.0,187,0.0122540220618247,0.2331250011920929,0.0,0.9999999403953552
hard,188,2188,729.3333333333333,188,-0.0571764148771762,0.2199999988079071,0.0,0.4999999403953552
hard,189,2189,729.6666666666666,189,-0.0417376607656478,0.1899999976158142,0.0,0.4999999403953552
hard,190,2190,730.0,190,-0.0233514942228794,0.3362500071525574,0.125,0.9999998807907104
hard,191,2191,730.3333333333333,191,-0.0185973718762397,0.6665624976158142,0.5,0.5
hard,192,2192,730.6666666666666,192,0.0041706934571266,0.550000011920929,0.375,1.0
hard,193,2193,731.0,193,-0.0134981889277696,0.2946875095367431,0.0,0.9999999403953552
hard,194,2194,731.3333333333333,194,-0.0484251528978347,0.2612500190734863,0.0,0.9999999403953552
hard,195,2195,731.6666666666666,195,-0.0458136647939682,0.2509374916553497,0.0,1.0
hard,196,2196,732.0,196,-0.0405033901333808,0.2249999940395355,0.0,1.0
hard,197,2197,732.3333333333333,197,-0.0231419205665588,0.2034375071525573,0.0,0.9999997615814208
hard,198,2198,732.6666666666666,198,0.0548848062753677,0.2599999904632568,0.0,0.5000001192092896
hard,199,2199,733.0,199,-0.0544474571943283,0.230937510728836,0.0,1.0
hard,200,2200,733.3333333333333,200,-0.0208542943000793,0.2249999940395355,0.0,0.5000000596046448
